Insert into PATH_CLIENT (CLIENT_KEY,IDENTIFICATION,ID_TYPE,LAST_NAME,FIRST_NAME,MIDDLE_NAME,DATE_OF_BIRTH,GENDER_KEY,ETHNICITY_KEY,MARITAL_STATUS_KEY,AMBULATORY_KEY,CLIENT_NOTES,CREATE_DATE,CREATE_USER_KEY,HOMELESS,REGION_KEY,SUFFIX,ANONYMOUS,UPDATE_DATE,UPDATE_USER_KEY,DISABLING_CONDITION,PREVIOUS_FIRST_NAME,PREVIOUS_MIDDLE_NAME,PREVIOUS_LAST_NAME,PREVIOUS_SUFFIX,HOURS_WORKED_LAST_WEEK,LOOKING_FOR_WORK,VETERAN,HEALTH_STATUS_KEY,PREGNANCY_STATUS,PREGNANCY_DUE_DATE,TRANSGENDER_TYPE,PRIMARY_LANGUAGE_KEY,SECONDARY_LANGUAGE_KEY,INTERPRETER_NEEDED,PRIMARY_LANGUAGE,SECONDARY_LANGUAGE,PICTURE_NAME,PICTURE_UP_USER,PICTURE_UP_DT,PICTURE_DEL_USER,PICTURE_DEL_DT,PICTURE_TYPE,RACE_KEY,HOMELESS_STATUS_KEY,DOB_TYPE,INCOME_QUESTION,INCOME_DATE,NON_CASH_QUESTION,NON_CASH_DATE,IS_EMPLOYED,TENURE,VOLUNTEER,IS_BASIC,UPDATE_TIMESTAMP,MIGRATION_FLAG,IS_COORD,NAME_TYPE,GENDER_DESC,HEALTH_INS_QUESTION,HEALTH_INS_DATE,OTHER_IDENTIFICATION,OTHER_IDENTIFICATION_NUM) values (336788,'459834818',1,'Mover','Renee',null,STR_TO_DATE('24-JAN-45','%d-%b-%y'),2,104,3,11,null,STR_TO_DATE('03-MAR-03','%d-%b-%y'),6696,'Y',549,null,'N',STR_TO_DATE('08-MAY-15','%d-%b-%y'),8847,0,null,null,null,null,0,0,0,null,0,null,null,null,null,'N',null,null,null,null,null,null,null,null,8,1,1,null,null,null,null,null,null,null,'N',null,null,null,null,null,null,null,null,null);
Insert into PATH_CLIENT (CLIENT_KEY,IDENTIFICATION,ID_TYPE,LAST_NAME,FIRST_NAME,MIDDLE_NAME,DATE_OF_BIRTH,GENDER_KEY,ETHNICITY_KEY,MARITAL_STATUS_KEY,AMBULATORY_KEY,CLIENT_NOTES,CREATE_DATE,CREATE_USER_KEY,HOMELESS,REGION_KEY,SUFFIX,ANONYMOUS,UPDATE_DATE,UPDATE_USER_KEY,DISABLING_CONDITION,PREVIOUS_FIRST_NAME,PREVIOUS_MIDDLE_NAME,PREVIOUS_LAST_NAME,PREVIOUS_SUFFIX,HOURS_WORKED_LAST_WEEK,LOOKING_FOR_WORK,VETERAN,HEALTH_STATUS_KEY,PREGNANCY_STATUS,PREGNANCY_DUE_DATE,TRANSGENDER_TYPE,PRIMARY_LANGUAGE_KEY,SECONDARY_LANGUAGE_KEY,INTERPRETER_NEEDED,PRIMARY_LANGUAGE,SECONDARY_LANGUAGE,PICTURE_NAME,PICTURE_UP_USER,PICTURE_UP_DT,PICTURE_DEL_USER,PICTURE_DEL_DT,PICTURE_TYPE,RACE_KEY,HOMELESS_STATUS_KEY,DOB_TYPE,INCOME_QUESTION,INCOME_DATE,NON_CASH_QUESTION,NON_CASH_DATE,IS_EMPLOYED,TENURE,VOLUNTEER,IS_BASIC,UPDATE_TIMESTAMP,MIGRATION_FLAG,IS_COORD,NAME_TYPE,GENDER_DESC,HEALTH_INS_QUESTION,HEALTH_INS_DATE,OTHER_IDENTIFICATION,OTHER_IDENTIFICATION_NUM) values (336823,'106533370',1,'Mover','Tommy',null,STR_TO_DATE('29-MAR-78','%d-%b-%y'),1,105,1,11,'assisting with housing need - mt (prs)',STR_TO_DATE('03-MAR-03','%d-%b-%y'),6697,'N',549,null,'N',STR_TO_DATE('08-MAY-15','%d-%b-%y'),6697,0,null,null,null,null,0,0,0,null,0,null,null,null,null,'N',null,null,null,null,null,null,null,null,6,7,1,1,STR_TO_DATE('03-MAR-03','%d-%b-%y'),null,null,null,null,null,'N',null,null,null,null,null,null,null,null,null);
Insert into PATH_CLIENT (CLIENT_KEY,IDENTIFICATION,ID_TYPE,LAST_NAME,FIRST_NAME,MIDDLE_NAME,DATE_OF_BIRTH,GENDER_KEY,ETHNICITY_KEY,MARITAL_STATUS_KEY,AMBULATORY_KEY,CLIENT_NOTES,CREATE_DATE,CREATE_USER_KEY,HOMELESS,REGION_KEY,SUFFIX,ANONYMOUS,UPDATE_DATE,UPDATE_USER_KEY,DISABLING_CONDITION,PREVIOUS_FIRST_NAME,PREVIOUS_MIDDLE_NAME,PREVIOUS_LAST_NAME,PREVIOUS_SUFFIX,HOURS_WORKED_LAST_WEEK,LOOKING_FOR_WORK,VETERAN,HEALTH_STATUS_KEY,PREGNANCY_STATUS,PREGNANCY_DUE_DATE,TRANSGENDER_TYPE,PRIMARY_LANGUAGE_KEY,SECONDARY_LANGUAGE_KEY,INTERPRETER_NEEDED,PRIMARY_LANGUAGE,SECONDARY_LANGUAGE,PICTURE_NAME,PICTURE_UP_USER,PICTURE_UP_DT,PICTURE_DEL_USER,PICTURE_DEL_DT,PICTURE_TYPE,RACE_KEY,HOMELESS_STATUS_KEY,DOB_TYPE,INCOME_QUESTION,INCOME_DATE,NON_CASH_QUESTION,NON_CASH_DATE,IS_EMPLOYED,TENURE,VOLUNTEER,IS_BASIC,UPDATE_TIMESTAMP,MIGRATION_FLAG,IS_COORD,NAME_TYPE,GENDER_DESC,HEALTH_INS_QUESTION,HEALTH_INS_DATE,OTHER_IDENTIFICATION,OTHER_IDENTIFICATION_NUM) values (336825,'729049198',1,'Mover','David','J',STR_TO_DATE('01-MAY-68','%d-%b-%y'),1,105,1,null,null,STR_TO_DATE('03-MAR-03','%d-%b-%y'),6697,'N',549,null,'N',STR_TO_DATE('08-MAY-15','%d-%b-%y'),8853,0,null,null,null,null,0,0,0,null,0,null,null,null,null,'N',null,null,null,null,null,null,null,null,6,7,1,null,null,null,null,null,null,null,'N',null,null,null,null,null,null,null,null,null);
Insert into PATH_CLIENT (CLIENT_KEY,IDENTIFICATION,ID_TYPE,LAST_NAME,FIRST_NAME,MIDDLE_NAME,DATE_OF_BIRTH,GENDER_KEY,ETHNICITY_KEY,MARITAL_STATUS_KEY,AMBULATORY_KEY,CLIENT_NOTES,CREATE_DATE,CREATE_USER_KEY,HOMELESS,REGION_KEY,SUFFIX,ANONYMOUS,UPDATE_DATE,UPDATE_USER_KEY,DISABLING_CONDITION,PREVIOUS_FIRST_NAME,PREVIOUS_MIDDLE_NAME,PREVIOUS_LAST_NAME,PREVIOUS_SUFFIX,HOURS_WORKED_LAST_WEEK,LOOKING_FOR_WORK,VETERAN,HEALTH_STATUS_KEY,PREGNANCY_STATUS,PREGNANCY_DUE_DATE,TRANSGENDER_TYPE,PRIMARY_LANGUAGE_KEY,SECONDARY_LANGUAGE_KEY,INTERPRETER_NEEDED,PRIMARY_LANGUAGE,SECONDARY_LANGUAGE,PICTURE_NAME,PICTURE_UP_USER,PICTURE_UP_DT,PICTURE_DEL_USER,PICTURE_DEL_DT,PICTURE_TYPE,RACE_KEY,HOMELESS_STATUS_KEY,DOB_TYPE,INCOME_QUESTION,INCOME_DATE,NON_CASH_QUESTION,NON_CASH_DATE,IS_EMPLOYED,TENURE,VOLUNTEER,IS_BASIC,UPDATE_TIMESTAMP,MIGRATION_FLAG,IS_COORD,NAME_TYPE,GENDER_DESC,HEALTH_INS_QUESTION,HEALTH_INS_DATE,OTHER_IDENTIFICATION,OTHER_IDENTIFICATION_NUM) values (432713,'547184647',3,'Mover','Marva',null,STR_TO_DATE('12-JUN-79','%d-%b-%y'),2,104,null,null,null,STR_TO_DATE('03-MAY-04','%d-%b-%y'),null,'N',111,null,'N',STR_TO_DATE('08-MAY-15','%d-%b-%y'),17102,0,null,null,null,null,0,0,1,1,0,null,null,null,null,'N',0,0,null,null,null,null,null,null,14,7,1,0,STR_TO_DATE('19-DEC-11','%d-%b-%y'),0,STR_TO_DATE('19-DEC-11','%d-%b-%y'),null,null,null,'N',null,null,null,null,null,null,null,null,null);
Insert into PATH_CLIENT (CLIENT_KEY,IDENTIFICATION,ID_TYPE,LAST_NAME,FIRST_NAME,MIDDLE_NAME,DATE_OF_BIRTH,GENDER_KEY,ETHNICITY_KEY,MARITAL_STATUS_KEY,AMBULATORY_KEY,CLIENT_NOTES,CREATE_DATE,CREATE_USER_KEY,HOMELESS,REGION_KEY,SUFFIX,ANONYMOUS,UPDATE_DATE,UPDATE_USER_KEY,DISABLING_CONDITION,PREVIOUS_FIRST_NAME,PREVIOUS_MIDDLE_NAME,PREVIOUS_LAST_NAME,PREVIOUS_SUFFIX,HOURS_WORKED_LAST_WEEK,LOOKING_FOR_WORK,VETERAN,HEALTH_STATUS_KEY,PREGNANCY_STATUS,PREGNANCY_DUE_DATE,TRANSGENDER_TYPE,PRIMARY_LANGUAGE_KEY,SECONDARY_LANGUAGE_KEY,INTERPRETER_NEEDED,PRIMARY_LANGUAGE,SECONDARY_LANGUAGE,PICTURE_NAME,PICTURE_UP_USER,PICTURE_UP_DT,PICTURE_DEL_USER,PICTURE_DEL_DT,PICTURE_TYPE,RACE_KEY,HOMELESS_STATUS_KEY,DOB_TYPE,INCOME_QUESTION,INCOME_DATE,NON_CASH_QUESTION,NON_CASH_DATE,IS_EMPLOYED,TENURE,VOLUNTEER,IS_BASIC,UPDATE_TIMESTAMP,MIGRATION_FLAG,IS_COORD,NAME_TYPE,GENDER_DESC,HEALTH_INS_QUESTION,HEALTH_INS_DATE,OTHER_IDENTIFICATION,OTHER_IDENTIFICATION_NUM) values (516827,'812406925',4,'Lion','Rachel',null,STR_TO_DATE('07-AUG-82','%d-%b-%y'),2,104,4,null,null,STR_TO_DATE('21-JUN-05','%d-%b-%y'),8853,'N',549,null,'N',STR_TO_DATE('08-MAY-15','%d-%b-%y'),8853,1,null,null,null,null,40,0,0,null,0,null,null,null,null,'N',null,null,null,null,null,null,null,null,8,7,1,1,STR_TO_DATE('21-JUN-05','%d-%b-%y'),null,null,null,null,null,'N',null,null,null,null,null,null,null,null,null);
Insert into PATH_CLIENT (CLIENT_KEY,IDENTIFICATION,ID_TYPE,LAST_NAME,FIRST_NAME,MIDDLE_NAME,DATE_OF_BIRTH,GENDER_KEY,ETHNICITY_KEY,MARITAL_STATUS_KEY,AMBULATORY_KEY,CLIENT_NOTES,CREATE_DATE,CREATE_USER_KEY,HOMELESS,REGION_KEY,SUFFIX,ANONYMOUS,UPDATE_DATE,UPDATE_USER_KEY,DISABLING_CONDITION,PREVIOUS_FIRST_NAME,PREVIOUS_MIDDLE_NAME,PREVIOUS_LAST_NAME,PREVIOUS_SUFFIX,HOURS_WORKED_LAST_WEEK,LOOKING_FOR_WORK,VETERAN,HEALTH_STATUS_KEY,PREGNANCY_STATUS,PREGNANCY_DUE_DATE,TRANSGENDER_TYPE,PRIMARY_LANGUAGE_KEY,SECONDARY_LANGUAGE_KEY,INTERPRETER_NEEDED,PRIMARY_LANGUAGE,SECONDARY_LANGUAGE,PICTURE_NAME,PICTURE_UP_USER,PICTURE_UP_DT,PICTURE_DEL_USER,PICTURE_DEL_DT,PICTURE_TYPE,RACE_KEY,HOMELESS_STATUS_KEY,DOB_TYPE,INCOME_QUESTION,INCOME_DATE,NON_CASH_QUESTION,NON_CASH_DATE,IS_EMPLOYED,TENURE,VOLUNTEER,IS_BASIC,UPDATE_TIMESTAMP,MIGRATION_FLAG,IS_COORD,NAME_TYPE,GENDER_DESC,HEALTH_INS_QUESTION,HEALTH_INS_DATE,OTHER_IDENTIFICATION,OTHER_IDENTIFICATION_NUM) values (518207,'927754675',4,'Test','Sheis','A',STR_TO_DATE('31-DEC-49','%d-%b-%y'),2,104,2,null,'This is the shared notes field.',STR_TO_DATE('28-JUN-05','%d-%b-%y'),8919,'N',555,'Ms','N',STR_TO_DATE('08-MAY-15','%d-%b-%y'),8925,1,null,null,null,null,8,0,0,5,0,null,null,null,null,'N',0,0,null,null,null,null,null,null,8,7,1,null,null,null,null,null,null,null,'N',null,null,null,null,null,null,null,null,null);
Insert into PATH_CLIENT (CLIENT_KEY,IDENTIFICATION,ID_TYPE,LAST_NAME,FIRST_NAME,MIDDLE_NAME,DATE_OF_BIRTH,GENDER_KEY,ETHNICITY_KEY,MARITAL_STATUS_KEY,AMBULATORY_KEY,CLIENT_NOTES,CREATE_DATE,CREATE_USER_KEY,HOMELESS,REGION_KEY,SUFFIX,ANONYMOUS,UPDATE_DATE,UPDATE_USER_KEY,DISABLING_CONDITION,PREVIOUS_FIRST_NAME,PREVIOUS_MIDDLE_NAME,PREVIOUS_LAST_NAME,PREVIOUS_SUFFIX,HOURS_WORKED_LAST_WEEK,LOOKING_FOR_WORK,VETERAN,HEALTH_STATUS_KEY,PREGNANCY_STATUS,PREGNANCY_DUE_DATE,TRANSGENDER_TYPE,PRIMARY_LANGUAGE_KEY,SECONDARY_LANGUAGE_KEY,INTERPRETER_NEEDED,PRIMARY_LANGUAGE,SECONDARY_LANGUAGE,PICTURE_NAME,PICTURE_UP_USER,PICTURE_UP_DT,PICTURE_DEL_USER,PICTURE_DEL_DT,PICTURE_TYPE,RACE_KEY,HOMELESS_STATUS_KEY,DOB_TYPE,INCOME_QUESTION,INCOME_DATE,NON_CASH_QUESTION,NON_CASH_DATE,IS_EMPLOYED,TENURE,VOLUNTEER,IS_BASIC,UPDATE_TIMESTAMP,MIGRATION_FLAG,IS_COORD,NAME_TYPE,GENDER_DESC,HEALTH_INS_QUESTION,HEALTH_INS_DATE,OTHER_IDENTIFICATION,OTHER_IDENTIFICATION_NUM) values (537807,'923190875',1,'Test','Heis','A',STR_TO_DATE('12-FEB-55','%d-%b-%y'),1,104,2,null,null,STR_TO_DATE('03-OCT-05','%d-%b-%y'),8919,'Y',555,'Mr','N',STR_TO_DATE('08-MAY-15','%d-%b-%y'),8919,1,null,null,null,null,160,0,1,5,0,null,null,null,null,'N',null,null,null,null,null,null,null,null,8,1,1,1,STR_TO_DATE('09-OCT-05','%d-%b-%y'),null,null,null,null,null,'N',null,null,null,null,null,null,null,null,null);
Insert into PATH_CLIENT (CLIENT_KEY,IDENTIFICATION,ID_TYPE,LAST_NAME,FIRST_NAME,MIDDLE_NAME,DATE_OF_BIRTH,GENDER_KEY,ETHNICITY_KEY,MARITAL_STATUS_KEY,AMBULATORY_KEY,CLIENT_NOTES,CREATE_DATE,CREATE_USER_KEY,HOMELESS,REGION_KEY,SUFFIX,ANONYMOUS,UPDATE_DATE,UPDATE_USER_KEY,DISABLING_CONDITION,PREVIOUS_FIRST_NAME,PREVIOUS_MIDDLE_NAME,PREVIOUS_LAST_NAME,PREVIOUS_SUFFIX,HOURS_WORKED_LAST_WEEK,LOOKING_FOR_WORK,VETERAN,HEALTH_STATUS_KEY,PREGNANCY_STATUS,PREGNANCY_DUE_DATE,TRANSGENDER_TYPE,PRIMARY_LANGUAGE_KEY,SECONDARY_LANGUAGE_KEY,INTERPRETER_NEEDED,PRIMARY_LANGUAGE,SECONDARY_LANGUAGE,PICTURE_NAME,PICTURE_UP_USER,PICTURE_UP_DT,PICTURE_DEL_USER,PICTURE_DEL_DT,PICTURE_TYPE,RACE_KEY,HOMELESS_STATUS_KEY,DOB_TYPE,INCOME_QUESTION,INCOME_DATE,NON_CASH_QUESTION,NON_CASH_DATE,IS_EMPLOYED,TENURE,VOLUNTEER,IS_BASIC,UPDATE_TIMESTAMP,MIGRATION_FLAG,IS_COORD,NAME_TYPE,GENDER_DESC,HEALTH_INS_QUESTION,HEALTH_INS_DATE,OTHER_IDENTIFICATION,OTHER_IDENTIFICATION_NUM) values (538291,'274840418',1,'Test','Sheisa','second',STR_TO_DATE('02-AUG-95','%d-%b-%y'),2,104,null,null,null,STR_TO_DATE('04-OCT-05','%d-%b-%y'),8919,'N',555,null,'N',STR_TO_DATE('08-MAY-15','%d-%b-%y'),8919,0,null,null,null,null,null,0,0,4,0,null,null,null,null,'N',null,null,null,null,null,null,null,null,8,7,1,null,null,null,null,null,null,null,'N',null,null,null,null,null,null,null,null,null);
Insert into PATH_CLIENT (CLIENT_KEY,IDENTIFICATION,ID_TYPE,LAST_NAME,FIRST_NAME,MIDDLE_NAME,DATE_OF_BIRTH,GENDER_KEY,ETHNICITY_KEY,MARITAL_STATUS_KEY,AMBULATORY_KEY,CLIENT_NOTES,CREATE_DATE,CREATE_USER_KEY,HOMELESS,REGION_KEY,SUFFIX,ANONYMOUS,UPDATE_DATE,UPDATE_USER_KEY,DISABLING_CONDITION,PREVIOUS_FIRST_NAME,PREVIOUS_MIDDLE_NAME,PREVIOUS_LAST_NAME,PREVIOUS_SUFFIX,HOURS_WORKED_LAST_WEEK,LOOKING_FOR_WORK,VETERAN,HEALTH_STATUS_KEY,PREGNANCY_STATUS,PREGNANCY_DUE_DATE,TRANSGENDER_TYPE,PRIMARY_LANGUAGE_KEY,SECONDARY_LANGUAGE_KEY,INTERPRETER_NEEDED,PRIMARY_LANGUAGE,SECONDARY_LANGUAGE,PICTURE_NAME,PICTURE_UP_USER,PICTURE_UP_DT,PICTURE_DEL_USER,PICTURE_DEL_DT,PICTURE_TYPE,RACE_KEY,HOMELESS_STATUS_KEY,DOB_TYPE,INCOME_QUESTION,INCOME_DATE,NON_CASH_QUESTION,NON_CASH_DATE,IS_EMPLOYED,TENURE,VOLUNTEER,IS_BASIC,UPDATE_TIMESTAMP,MIGRATION_FLAG,IS_COORD,NAME_TYPE,GENDER_DESC,HEALTH_INS_QUESTION,HEALTH_INS_DATE,OTHER_IDENTIFICATION,OTHER_IDENTIFICATION_NUM) values (538293,'368906403',1,'Test','Shealso','isa',STR_TO_DATE('26-MAY-95','%d-%b-%y'),2,104,1,null,null,STR_TO_DATE('04-OCT-05','%d-%b-%y'),8919,'N',555,null,'N',STR_TO_DATE('08-MAY-15','%d-%b-%y'),8919,1,null,null,null,null,null,0,0,3,0,null,null,null,null,'N',null,null,null,null,null,null,null,null,8,7,1,null,null,null,null,null,null,null,'N',null,null,null,null,null,null,null,null,null);
Insert into PATH_CLIENT (CLIENT_KEY,IDENTIFICATION,ID_TYPE,LAST_NAME,FIRST_NAME,MIDDLE_NAME,DATE_OF_BIRTH,GENDER_KEY,ETHNICITY_KEY,MARITAL_STATUS_KEY,AMBULATORY_KEY,CLIENT_NOTES,CREATE_DATE,CREATE_USER_KEY,HOMELESS,REGION_KEY,SUFFIX,ANONYMOUS,UPDATE_DATE,UPDATE_USER_KEY,DISABLING_CONDITION,PREVIOUS_FIRST_NAME,PREVIOUS_MIDDLE_NAME,PREVIOUS_LAST_NAME,PREVIOUS_SUFFIX,HOURS_WORKED_LAST_WEEK,LOOKING_FOR_WORK,VETERAN,HEALTH_STATUS_KEY,PREGNANCY_STATUS,PREGNANCY_DUE_DATE,TRANSGENDER_TYPE,PRIMARY_LANGUAGE_KEY,SECONDARY_LANGUAGE_KEY,INTERPRETER_NEEDED,PRIMARY_LANGUAGE,SECONDARY_LANGUAGE,PICTURE_NAME,PICTURE_UP_USER,PICTURE_UP_DT,PICTURE_DEL_USER,PICTURE_DEL_DT,PICTURE_TYPE,RACE_KEY,HOMELESS_STATUS_KEY,DOB_TYPE,INCOME_QUESTION,INCOME_DATE,NON_CASH_QUESTION,NON_CASH_DATE,IS_EMPLOYED,TENURE,VOLUNTEER,IS_BASIC,UPDATE_TIMESTAMP,MIGRATION_FLAG,IS_COORD,NAME_TYPE,GENDER_DESC,HEALTH_INS_QUESTION,HEALTH_INS_DATE,OTHER_IDENTIFICATION,OTHER_IDENTIFICATION_NUM) values (538294,'462238171',1,'Test','Shemust','Bea',STR_TO_DATE('27-APR-80','%d-%b-%y'),2,104,1,null,null,STR_TO_DATE('04-OCT-05','%d-%b-%y'),8919,'N',555,null,'N',STR_TO_DATE('08-MAY-15','%d-%b-%y'),8920,1,null,null,null,null,null,0,0,5,1,STR_TO_DATE('25-DEC-05','%d-%b-%y'),null,null,null,'N',null,null,null,null,null,null,null,null,8,7,1,null,null,null,null,null,null,null,'N',null,null,null,null,null,null,null,null,null);
Insert into PATH_CLIENT (CLIENT_KEY,IDENTIFICATION,ID_TYPE,LAST_NAME,FIRST_NAME,MIDDLE_NAME,DATE_OF_BIRTH,GENDER_KEY,ETHNICITY_KEY,MARITAL_STATUS_KEY,AMBULATORY_KEY,CLIENT_NOTES,CREATE_DATE,CREATE_USER_KEY,HOMELESS,REGION_KEY,SUFFIX,ANONYMOUS,UPDATE_DATE,UPDATE_USER_KEY,DISABLING_CONDITION,PREVIOUS_FIRST_NAME,PREVIOUS_MIDDLE_NAME,PREVIOUS_LAST_NAME,PREVIOUS_SUFFIX,HOURS_WORKED_LAST_WEEK,LOOKING_FOR_WORK,VETERAN,HEALTH_STATUS_KEY,PREGNANCY_STATUS,PREGNANCY_DUE_DATE,TRANSGENDER_TYPE,PRIMARY_LANGUAGE_KEY,SECONDARY_LANGUAGE_KEY,INTERPRETER_NEEDED,PRIMARY_LANGUAGE,SECONDARY_LANGUAGE,PICTURE_NAME,PICTURE_UP_USER,PICTURE_UP_DT,PICTURE_DEL_USER,PICTURE_DEL_DT,PICTURE_TYPE,RACE_KEY,HOMELESS_STATUS_KEY,DOB_TYPE,INCOME_QUESTION,INCOME_DATE,NON_CASH_QUESTION,NON_CASH_DATE,IS_EMPLOYED,TENURE,VOLUNTEER,IS_BASIC,UPDATE_TIMESTAMP,MIGRATION_FLAG,IS_COORD,NAME_TYPE,GENDER_DESC,HEALTH_INS_QUESTION,HEALTH_INS_DATE,OTHER_IDENTIFICATION,OTHER_IDENTIFICATION_NUM) values (558360,null,9,'Test','Anonymous',null,STR_TO_DATE('31-DEC-59','%d-%b-%y'),null,null,null,null,null,STR_TO_DATE('28-DEC-05','%d-%b-%y'),9492,'N',555,null,'Y',STR_TO_DATE('08-MAY-15','%d-%b-%y'),8920,9,null,null,null,null,null,0,9,8,0,null,null,null,null,'N',0,0,null,null,null,null,null,null,null,7,1,null,null,null,null,null,null,null,'N',null,null,null,null,null,null,null,null,null);
Insert into PATH_CLIENT (CLIENT_KEY,IDENTIFICATION,ID_TYPE,LAST_NAME,FIRST_NAME,MIDDLE_NAME,DATE_OF_BIRTH,GENDER_KEY,ETHNICITY_KEY,MARITAL_STATUS_KEY,AMBULATORY_KEY,CLIENT_NOTES,CREATE_DATE,CREATE_USER_KEY,HOMELESS,REGION_KEY,SUFFIX,ANONYMOUS,UPDATE_DATE,UPDATE_USER_KEY,DISABLING_CONDITION,PREVIOUS_FIRST_NAME,PREVIOUS_MIDDLE_NAME,PREVIOUS_LAST_NAME,PREVIOUS_SUFFIX,HOURS_WORKED_LAST_WEEK,LOOKING_FOR_WORK,VETERAN,HEALTH_STATUS_KEY,PREGNANCY_STATUS,PREGNANCY_DUE_DATE,TRANSGENDER_TYPE,PRIMARY_LANGUAGE_KEY,SECONDARY_LANGUAGE_KEY,INTERPRETER_NEEDED,PRIMARY_LANGUAGE,SECONDARY_LANGUAGE,PICTURE_NAME,PICTURE_UP_USER,PICTURE_UP_DT,PICTURE_DEL_USER,PICTURE_DEL_DT,PICTURE_TYPE,RACE_KEY,HOMELESS_STATUS_KEY,DOB_TYPE,INCOME_QUESTION,INCOME_DATE,NON_CASH_QUESTION,NON_CASH_DATE,IS_EMPLOYED,TENURE,VOLUNTEER,IS_BASIC,UPDATE_TIMESTAMP,MIGRATION_FLAG,IS_COORD,NAME_TYPE,GENDER_DESC,HEALTH_INS_QUESTION,HEALTH_INS_DATE,OTHER_IDENTIFICATION,OTHER_IDENTIFICATION_NUM) values (715839,'711111114',1,'Mover','Robert',null,STR_TO_DATE('14-JAN-55','%d-%b-%y'),2,104,4,null,null,STR_TO_DATE('06-FEB-08','%d-%b-%y'),11116,null,111,null,'N',STR_TO_DATE('08-MAY-15','%d-%b-%y'),7395,0,null,null,null,null,null,0,1,2,0,STR_TO_DATE('10-FEB-15','%d-%b-%y'),null,null,null,'N',0,0,'Garden.jpg',7395,STR_TO_DATE('17-JAN-11','%d-%b-%y'),null,STR_TO_DATE('21-SEP-09','%d-%b-%y'),'jpg',14,null,1,8,STR_TO_DATE('11-NOV-11','%d-%b-%y'),8,STR_TO_DATE('23-SEP-14','%d-%b-%y'),null,null,null,'N',null,null,null,1,null,8,STR_TO_DATE('23-SEP-14','%d-%b-%y'),null,null);

Insert into PATH_CLIENT_PROGRAM (PROGRAM_KEY,CLIENT_KEY,ENTRY_DATE,ENTRY_CASH_GK,ENTRY_NONCASH_GK,EXIT_DATE,EXIT_CASH_GK,EXIT_NONCASH_GK,PROGRAM_NAME_KEY,DESTINATION_KEY,REASON_LEAVING_KEY,CREATE_DATE,CREATE_USER_KEY,UPDATE_DATE,UPDATE_USER_KEY,STATUS,TENURE_KEY,SUBSIDY_KEY,REC_ACTIVE,SUBSIDY_OTHERS,REASON_LEAVING_OTHERS,DESTINATION_OTHERS,HOUSING_STATUS_KEY,COUNTYNAME,ENGAGEMENT_DATE,BARCODE_PROFILE_KEY,UPDATE_TIMESTAMP,MIGRATION_FLAG,ANNUAL_CASH_GK,ANNUAL_NONCASH_GK) values (46521,336788,STR_TO_DATE('07-JUN-05','%d-%b-%y'),-107248,null,null,null,null,1980,8,null,STR_TO_DATE('08-JUN-05','%d-%b-%y'),8849,STR_TO_DATE('08-MAY-15','%d-%b-%y'),null,'A',8,null,'A',null,null,null,null,null,null,null,null,null,null,null);
Insert into PATH_CLIENT_PROGRAM (PROGRAM_KEY,CLIENT_KEY,ENTRY_DATE,ENTRY_CASH_GK,ENTRY_NONCASH_GK,EXIT_DATE,EXIT_CASH_GK,EXIT_NONCASH_GK,PROGRAM_NAME_KEY,DESTINATION_KEY,REASON_LEAVING_KEY,CREATE_DATE,CREATE_USER_KEY,UPDATE_DATE,UPDATE_USER_KEY,STATUS,TENURE_KEY,SUBSIDY_KEY,REC_ACTIVE,SUBSIDY_OTHERS,REASON_LEAVING_OTHERS,DESTINATION_OTHERS,HOUSING_STATUS_KEY,COUNTYNAME,ENGAGEMENT_DATE,BARCODE_PROFILE_KEY,UPDATE_TIMESTAMP,MIGRATION_FLAG,ANNUAL_CASH_GK,ANNUAL_NONCASH_GK) values (46932,336825,STR_TO_DATE('14-JUN-05','%d-%b-%y'),null,null,null,null,null,1985,8,null,STR_TO_DATE('15-JUN-05','%d-%b-%y'),8847,STR_TO_DATE('08-MAY-15','%d-%b-%y'),null,'A',8,null,'A',null,null,null,null,null,null,null,null,null,null,null);
Insert into PATH_CLIENT_PROGRAM (PROGRAM_KEY,CLIENT_KEY,ENTRY_DATE,ENTRY_CASH_GK,ENTRY_NONCASH_GK,EXIT_DATE,EXIT_CASH_GK,EXIT_NONCASH_GK,PROGRAM_NAME_KEY,DESTINATION_KEY,REASON_LEAVING_KEY,CREATE_DATE,CREATE_USER_KEY,UPDATE_DATE,UPDATE_USER_KEY,STATUS,TENURE_KEY,SUBSIDY_KEY,REC_ACTIVE,SUBSIDY_OTHERS,REASON_LEAVING_OTHERS,DESTINATION_OTHERS,HOUSING_STATUS_KEY,COUNTYNAME,ENGAGEMENT_DATE,BARCODE_PROFILE_KEY,UPDATE_TIMESTAMP,MIGRATION_FLAG,ANNUAL_CASH_GK,ANNUAL_NONCASH_GK) values (403734,432713,STR_TO_DATE('18-DEC-11','%d-%b-%y'),null,null,null,null,null,5177,null,null,STR_TO_DATE('19-DEC-11','%d-%b-%y'),22439,STR_TO_DATE('08-MAY-15','%d-%b-%y'),null,'A',null,null,'A',null,null,null,1,null,null,null,null,null,null,null);
Insert into PATH_CLIENT_PROGRAM (PROGRAM_KEY,CLIENT_KEY,ENTRY_DATE,ENTRY_CASH_GK,ENTRY_NONCASH_GK,EXIT_DATE,EXIT_CASH_GK,EXIT_NONCASH_GK,PROGRAM_NAME_KEY,DESTINATION_KEY,REASON_LEAVING_KEY,CREATE_DATE,CREATE_USER_KEY,UPDATE_DATE,UPDATE_USER_KEY,STATUS,TENURE_KEY,SUBSIDY_KEY,REC_ACTIVE,SUBSIDY_OTHERS,REASON_LEAVING_OTHERS,DESTINATION_OTHERS,HOUSING_STATUS_KEY,COUNTYNAME,ENGAGEMENT_DATE,BARCODE_PROFILE_KEY,UPDATE_TIMESTAMP,MIGRATION_FLAG,ANNUAL_CASH_GK,ANNUAL_NONCASH_GK) values (403733,432713,STR_TO_DATE('18-DEC-11','%d-%b-%y'),null,null,STR_TO_DATE('18-DEC-11','%d-%b-%y'),307624,405208,5175,3,20,STR_TO_DATE('19-DEC-11','%d-%b-%y'),22439,STR_TO_DATE('08-MAY-15','%d-%b-%y'),22439,'I',null,null,'A',null,null,null,1,null,null,null,null,null,null,null);
Insert into PATH_CLIENT_PROGRAM (PROGRAM_KEY,CLIENT_KEY,ENTRY_DATE,ENTRY_CASH_GK,ENTRY_NONCASH_GK,EXIT_DATE,EXIT_CASH_GK,EXIT_NONCASH_GK,PROGRAM_NAME_KEY,DESTINATION_KEY,REASON_LEAVING_KEY,CREATE_DATE,CREATE_USER_KEY,UPDATE_DATE,UPDATE_USER_KEY,STATUS,TENURE_KEY,SUBSIDY_KEY,REC_ACTIVE,SUBSIDY_OTHERS,REASON_LEAVING_OTHERS,DESTINATION_OTHERS,HOUSING_STATUS_KEY,COUNTYNAME,ENGAGEMENT_DATE,BARCODE_PROFILE_KEY,UPDATE_TIMESTAMP,MIGRATION_FLAG,ANNUAL_CASH_GK,ANNUAL_NONCASH_GK) values (47381,516827,STR_TO_DATE('20-JUN-05','%d-%b-%y'),-69074,null,null,null,null,1987,8,null,STR_TO_DATE('21-JUN-05','%d-%b-%y'),8853,STR_TO_DATE('08-MAY-15','%d-%b-%y'),null,'A',8,null,'A',null,null,null,null,null,null,null,null,null,null,null);
Insert into PATH_CLIENT_PROGRAM (PROGRAM_KEY,CLIENT_KEY,ENTRY_DATE,ENTRY_CASH_GK,ENTRY_NONCASH_GK,EXIT_DATE,EXIT_CASH_GK,EXIT_NONCASH_GK,PROGRAM_NAME_KEY,DESTINATION_KEY,REASON_LEAVING_KEY,CREATE_DATE,CREATE_USER_KEY,UPDATE_DATE,UPDATE_USER_KEY,STATUS,TENURE_KEY,SUBSIDY_KEY,REC_ACTIVE,SUBSIDY_OTHERS,REASON_LEAVING_OTHERS,DESTINATION_OTHERS,HOUSING_STATUS_KEY,COUNTYNAME,ENGAGEMENT_DATE,BARCODE_PROFILE_KEY,UPDATE_TIMESTAMP,MIGRATION_FLAG,ANNUAL_CASH_GK,ANNUAL_NONCASH_GK) values (48041,518207,STR_TO_DATE('27-JUN-05','%d-%b-%y'),-68749,-25974,null,null,null,2910,8,null,STR_TO_DATE('28-JUN-05','%d-%b-%y'),8919,STR_TO_DATE('08-MAY-15','%d-%b-%y'),null,'A',8,null,'A',null,null,null,null,null,null,null,null,null,null,null);
Insert into PATH_CLIENT_PROGRAM (PROGRAM_KEY,CLIENT_KEY,ENTRY_DATE,ENTRY_CASH_GK,ENTRY_NONCASH_GK,EXIT_DATE,EXIT_CASH_GK,EXIT_NONCASH_GK,PROGRAM_NAME_KEY,DESTINATION_KEY,REASON_LEAVING_KEY,CREATE_DATE,CREATE_USER_KEY,UPDATE_DATE,UPDATE_USER_KEY,STATUS,TENURE_KEY,SUBSIDY_KEY,REC_ACTIVE,SUBSIDY_OTHERS,REASON_LEAVING_OTHERS,DESTINATION_OTHERS,HOUSING_STATUS_KEY,COUNTYNAME,ENGAGEMENT_DATE,BARCODE_PROFILE_KEY,UPDATE_TIMESTAMP,MIGRATION_FLAG,ANNUAL_CASH_GK,ANNUAL_NONCASH_GK) values (57385,518207,STR_TO_DATE('30-SEP-05','%d-%b-%y'),null,null,null,null,null,2929,null,null,STR_TO_DATE('01-OCT-05','%d-%b-%y'),8919,STR_TO_DATE('08-MAY-15','%d-%b-%y'),null,'A',null,null,'A',null,null,null,null,null,null,null,null,null,null,null);
Insert into PATH_CLIENT_PROGRAM (PROGRAM_KEY,CLIENT_KEY,ENTRY_DATE,ENTRY_CASH_GK,ENTRY_NONCASH_GK,EXIT_DATE,EXIT_CASH_GK,EXIT_NONCASH_GK,PROGRAM_NAME_KEY,DESTINATION_KEY,REASON_LEAVING_KEY,CREATE_DATE,CREATE_USER_KEY,UPDATE_DATE,UPDATE_USER_KEY,STATUS,TENURE_KEY,SUBSIDY_KEY,REC_ACTIVE,SUBSIDY_OTHERS,REASON_LEAVING_OTHERS,DESTINATION_OTHERS,HOUSING_STATUS_KEY,COUNTYNAME,ENGAGEMENT_DATE,BARCODE_PROFILE_KEY,UPDATE_TIMESTAMP,MIGRATION_FLAG,ANNUAL_CASH_GK,ANNUAL_NONCASH_GK) values (71188,518207,STR_TO_DATE('17-JAN-06','%d-%b-%y'),null,-25973,null,null,null,2915,null,null,STR_TO_DATE('18-JAN-06','%d-%b-%y'),8919,STR_TO_DATE('08-MAY-15','%d-%b-%y'),null,'A',null,null,'A',null,null,null,null,null,null,null,null,null,null,null);
Insert into PATH_CLIENT_PROGRAM (PROGRAM_KEY,CLIENT_KEY,ENTRY_DATE,ENTRY_CASH_GK,ENTRY_NONCASH_GK,EXIT_DATE,EXIT_CASH_GK,EXIT_NONCASH_GK,PROGRAM_NAME_KEY,DESTINATION_KEY,REASON_LEAVING_KEY,CREATE_DATE,CREATE_USER_KEY,UPDATE_DATE,UPDATE_USER_KEY,STATUS,TENURE_KEY,SUBSIDY_KEY,REC_ACTIVE,SUBSIDY_OTHERS,REASON_LEAVING_OTHERS,DESTINATION_OTHERS,HOUSING_STATUS_KEY,COUNTYNAME,ENGAGEMENT_DATE,BARCODE_PROFILE_KEY,UPDATE_TIMESTAMP,MIGRATION_FLAG,ANNUAL_CASH_GK,ANNUAL_NONCASH_GK) values (57471,537807,STR_TO_DATE('02-OCT-05','%d-%b-%y'),null,null,STR_TO_DATE('02-OCT-05','%d-%b-%y'),null,null,2929,17,25,STR_TO_DATE('03-OCT-05','%d-%b-%y'),8919,STR_TO_DATE('08-MAY-15','%d-%b-%y'),8920,'I',8,8,'I',null,null,null,null,null,null,null,null,null,null,null);
Insert into PATH_CLIENT_PROGRAM (PROGRAM_KEY,CLIENT_KEY,ENTRY_DATE,ENTRY_CASH_GK,ENTRY_NONCASH_GK,EXIT_DATE,EXIT_CASH_GK,EXIT_NONCASH_GK,PROGRAM_NAME_KEY,DESTINATION_KEY,REASON_LEAVING_KEY,CREATE_DATE,CREATE_USER_KEY,UPDATE_DATE,UPDATE_USER_KEY,STATUS,TENURE_KEY,SUBSIDY_KEY,REC_ACTIVE,SUBSIDY_OTHERS,REASON_LEAVING_OTHERS,DESTINATION_OTHERS,HOUSING_STATUS_KEY,COUNTYNAME,ENGAGEMENT_DATE,BARCODE_PROFILE_KEY,UPDATE_TIMESTAMP,MIGRATION_FLAG,ANNUAL_CASH_GK,ANNUAL_NONCASH_GK) values (73107,537807,STR_TO_DATE('31-JAN-06','%d-%b-%y'),null,null,STR_TO_DATE('31-JAN-06','%d-%b-%y'),null,null,2913,17,25,STR_TO_DATE('01-FEB-06','%d-%b-%y'),8925,STR_TO_DATE('08-MAY-15','%d-%b-%y'),8920,'I',8,8,'I',null,null,null,null,null,null,null,null,null,null,null);
Insert into PATH_CLIENT_PROGRAM (PROGRAM_KEY,CLIENT_KEY,ENTRY_DATE,ENTRY_CASH_GK,ENTRY_NONCASH_GK,EXIT_DATE,EXIT_CASH_GK,EXIT_NONCASH_GK,PROGRAM_NAME_KEY,DESTINATION_KEY,REASON_LEAVING_KEY,CREATE_DATE,CREATE_USER_KEY,UPDATE_DATE,UPDATE_USER_KEY,STATUS,TENURE_KEY,SUBSIDY_KEY,REC_ACTIVE,SUBSIDY_OTHERS,REASON_LEAVING_OTHERS,DESTINATION_OTHERS,HOUSING_STATUS_KEY,COUNTYNAME,ENGAGEMENT_DATE,BARCODE_PROFILE_KEY,UPDATE_TIMESTAMP,MIGRATION_FLAG,ANNUAL_CASH_GK,ANNUAL_NONCASH_GK) values (73108,537807,STR_TO_DATE('31-JAN-06','%d-%b-%y'),null,null,STR_TO_DATE('31-JAN-06','%d-%b-%y'),null,null,2913,17,25,STR_TO_DATE('01-FEB-06','%d-%b-%y'),8925,STR_TO_DATE('08-MAY-15','%d-%b-%y'),8920,'I',8,8,'I',null,null,null,null,null,null,null,null,null,null,null);
Insert into PATH_CLIENT_PROGRAM (PROGRAM_KEY,CLIENT_KEY,ENTRY_DATE,ENTRY_CASH_GK,ENTRY_NONCASH_GK,EXIT_DATE,EXIT_CASH_GK,EXIT_NONCASH_GK,PROGRAM_NAME_KEY,DESTINATION_KEY,REASON_LEAVING_KEY,CREATE_DATE,CREATE_USER_KEY,UPDATE_DATE,UPDATE_USER_KEY,STATUS,TENURE_KEY,SUBSIDY_KEY,REC_ACTIVE,SUBSIDY_OTHERS,REASON_LEAVING_OTHERS,DESTINATION_OTHERS,HOUSING_STATUS_KEY,COUNTYNAME,ENGAGEMENT_DATE,BARCODE_PROFILE_KEY,UPDATE_TIMESTAMP,MIGRATION_FLAG,ANNUAL_CASH_GK,ANNUAL_NONCASH_GK) values (73259,537807,STR_TO_DATE('01-FEB-06','%d-%b-%y'),null,null,STR_TO_DATE('01-FEB-06','%d-%b-%y'),null,null,2952,17,25,STR_TO_DATE('02-FEB-06','%d-%b-%y'),8925,STR_TO_DATE('08-MAY-15','%d-%b-%y'),8920,'I',8,8,'I',null,null,null,null,null,null,null,null,null,null,null);
Insert into PATH_CLIENT_PROGRAM (PROGRAM_KEY,CLIENT_KEY,ENTRY_DATE,ENTRY_CASH_GK,ENTRY_NONCASH_GK,EXIT_DATE,EXIT_CASH_GK,EXIT_NONCASH_GK,PROGRAM_NAME_KEY,DESTINATION_KEY,REASON_LEAVING_KEY,CREATE_DATE,CREATE_USER_KEY,UPDATE_DATE,UPDATE_USER_KEY,STATUS,TENURE_KEY,SUBSIDY_KEY,REC_ACTIVE,SUBSIDY_OTHERS,REASON_LEAVING_OTHERS,DESTINATION_OTHERS,HOUSING_STATUS_KEY,COUNTYNAME,ENGAGEMENT_DATE,BARCODE_PROFILE_KEY,UPDATE_TIMESTAMP,MIGRATION_FLAG,ANNUAL_CASH_GK,ANNUAL_NONCASH_GK) values (57691,538291,STR_TO_DATE('03-OCT-05','%d-%b-%y'),-64179,null,null,null,null,2910,null,null,STR_TO_DATE('04-OCT-05','%d-%b-%y'),8919,STR_TO_DATE('08-MAY-15','%d-%b-%y'),null,'A',null,null,'A',null,null,null,null,null,null,null,null,null,null,null);
Insert into PATH_CLIENT_PROGRAM (PROGRAM_KEY,CLIENT_KEY,ENTRY_DATE,ENTRY_CASH_GK,ENTRY_NONCASH_GK,EXIT_DATE,EXIT_CASH_GK,EXIT_NONCASH_GK,PROGRAM_NAME_KEY,DESTINATION_KEY,REASON_LEAVING_KEY,CREATE_DATE,CREATE_USER_KEY,UPDATE_DATE,UPDATE_USER_KEY,STATUS,TENURE_KEY,SUBSIDY_KEY,REC_ACTIVE,SUBSIDY_OTHERS,REASON_LEAVING_OTHERS,DESTINATION_OTHERS,HOUSING_STATUS_KEY,COUNTYNAME,ENGAGEMENT_DATE,BARCODE_PROFILE_KEY,UPDATE_TIMESTAMP,MIGRATION_FLAG,ANNUAL_CASH_GK,ANNUAL_NONCASH_GK) values (73109,538291,STR_TO_DATE('31-JAN-06','%d-%b-%y'),null,null,null,null,null,2913,null,null,STR_TO_DATE('01-FEB-06','%d-%b-%y'),8925,STR_TO_DATE('08-MAY-15','%d-%b-%y'),null,'A',null,null,'A',null,null,null,null,null,null,null,null,null,null,null);
Insert into PATH_CLIENT_PROGRAM (PROGRAM_KEY,CLIENT_KEY,ENTRY_DATE,ENTRY_CASH_GK,ENTRY_NONCASH_GK,EXIT_DATE,EXIT_CASH_GK,EXIT_NONCASH_GK,PROGRAM_NAME_KEY,DESTINATION_KEY,REASON_LEAVING_KEY,CREATE_DATE,CREATE_USER_KEY,UPDATE_DATE,UPDATE_USER_KEY,STATUS,TENURE_KEY,SUBSIDY_KEY,REC_ACTIVE,SUBSIDY_OTHERS,REASON_LEAVING_OTHERS,DESTINATION_OTHERS,HOUSING_STATUS_KEY,COUNTYNAME,ENGAGEMENT_DATE,BARCODE_PROFILE_KEY,UPDATE_TIMESTAMP,MIGRATION_FLAG,ANNUAL_CASH_GK,ANNUAL_NONCASH_GK) values (57692,538293,STR_TO_DATE('03-OCT-05','%d-%b-%y'),-64178,null,null,null,null,2929,null,null,STR_TO_DATE('04-OCT-05','%d-%b-%y'),8919,STR_TO_DATE('08-MAY-15','%d-%b-%y'),null,'A',null,null,'A',null,null,null,null,null,null,null,null,null,null,null);
Insert into PATH_CLIENT_PROGRAM (PROGRAM_KEY,CLIENT_KEY,ENTRY_DATE,ENTRY_CASH_GK,ENTRY_NONCASH_GK,EXIT_DATE,EXIT_CASH_GK,EXIT_NONCASH_GK,PROGRAM_NAME_KEY,DESTINATION_KEY,REASON_LEAVING_KEY,CREATE_DATE,CREATE_USER_KEY,UPDATE_DATE,UPDATE_USER_KEY,STATUS,TENURE_KEY,SUBSIDY_KEY,REC_ACTIVE,SUBSIDY_OTHERS,REASON_LEAVING_OTHERS,DESTINATION_OTHERS,HOUSING_STATUS_KEY,COUNTYNAME,ENGAGEMENT_DATE,BARCODE_PROFILE_KEY,UPDATE_TIMESTAMP,MIGRATION_FLAG,ANNUAL_CASH_GK,ANNUAL_NONCASH_GK) values (73111,538293,STR_TO_DATE('31-JAN-06','%d-%b-%y'),null,null,null,null,null,2913,null,null,STR_TO_DATE('01-FEB-06','%d-%b-%y'),8925,STR_TO_DATE('08-MAY-15','%d-%b-%y'),null,'A',null,null,'A',null,null,null,null,null,null,null,null,null,null,null);
Insert into PATH_CLIENT_PROGRAM (PROGRAM_KEY,CLIENT_KEY,ENTRY_DATE,ENTRY_CASH_GK,ENTRY_NONCASH_GK,EXIT_DATE,EXIT_CASH_GK,EXIT_NONCASH_GK,PROGRAM_NAME_KEY,DESTINATION_KEY,REASON_LEAVING_KEY,CREATE_DATE,CREATE_USER_KEY,UPDATE_DATE,UPDATE_USER_KEY,STATUS,TENURE_KEY,SUBSIDY_KEY,REC_ACTIVE,SUBSIDY_OTHERS,REASON_LEAVING_OTHERS,DESTINATION_OTHERS,HOUSING_STATUS_KEY,COUNTYNAME,ENGAGEMENT_DATE,BARCODE_PROFILE_KEY,UPDATE_TIMESTAMP,MIGRATION_FLAG,ANNUAL_CASH_GK,ANNUAL_NONCASH_GK) values (57693,538294,STR_TO_DATE('03-OCT-05','%d-%b-%y'),null,null,null,null,null,2924,null,null,STR_TO_DATE('04-OCT-05','%d-%b-%y'),8919,STR_TO_DATE('08-MAY-15','%d-%b-%y'),null,'A',null,null,'A',null,null,null,null,null,null,null,null,null,null,null);
Insert into PATH_CLIENT_PROGRAM (PROGRAM_KEY,CLIENT_KEY,ENTRY_DATE,ENTRY_CASH_GK,ENTRY_NONCASH_GK,EXIT_DATE,EXIT_CASH_GK,EXIT_NONCASH_GK,PROGRAM_NAME_KEY,DESTINATION_KEY,REASON_LEAVING_KEY,CREATE_DATE,CREATE_USER_KEY,UPDATE_DATE,UPDATE_USER_KEY,STATUS,TENURE_KEY,SUBSIDY_KEY,REC_ACTIVE,SUBSIDY_OTHERS,REASON_LEAVING_OTHERS,DESTINATION_OTHERS,HOUSING_STATUS_KEY,COUNTYNAME,ENGAGEMENT_DATE,BARCODE_PROFILE_KEY,UPDATE_TIMESTAMP,MIGRATION_FLAG,ANNUAL_CASH_GK,ANNUAL_NONCASH_GK) values (92640,595827,STR_TO_DATE('27-JUN-06','%d-%b-%y'),null,null,STR_TO_DATE('27-JUN-06','%d-%b-%y'),null,null,3198,3,20,STR_TO_DATE('28-JUN-06','%d-%b-%y'),7142,STR_TO_DATE('08-MAY-15','%d-%b-%y'),7142,'I',1,null,'A',null,null,null,null,null,null,null,null,null,null,null);
Insert into PATH_CLIENT_PROGRAM (PROGRAM_KEY,CLIENT_KEY,ENTRY_DATE,ENTRY_CASH_GK,ENTRY_NONCASH_GK,EXIT_DATE,EXIT_CASH_GK,EXIT_NONCASH_GK,PROGRAM_NAME_KEY,DESTINATION_KEY,REASON_LEAVING_KEY,CREATE_DATE,CREATE_USER_KEY,UPDATE_DATE,UPDATE_USER_KEY,STATUS,TENURE_KEY,SUBSIDY_KEY,REC_ACTIVE,SUBSIDY_OTHERS,REASON_LEAVING_OTHERS,DESTINATION_OTHERS,HOUSING_STATUS_KEY,COUNTYNAME,ENGAGEMENT_DATE,BARCODE_PROFILE_KEY,UPDATE_TIMESTAMP,MIGRATION_FLAG,ANNUAL_CASH_GK,ANNUAL_NONCASH_GK) values (232908,715839,STR_TO_DATE('18-MAR-08','%d-%b-%y'),null,null,STR_TO_DATE('19-MAR-08','%d-%b-%y'),null,null,3691,17,25,STR_TO_DATE('21-MAR-08','%d-%b-%y'),9168,STR_TO_DATE('08-MAY-15','%d-%b-%y'),9168,'I',8,null,'I',null,null,null,null,null,null,null,null,null,null,null);
Insert into PATH_CLIENT_PROGRAM (PROGRAM_KEY,CLIENT_KEY,ENTRY_DATE,ENTRY_CASH_GK,ENTRY_NONCASH_GK,EXIT_DATE,EXIT_CASH_GK,EXIT_NONCASH_GK,PROGRAM_NAME_KEY,DESTINATION_KEY,REASON_LEAVING_KEY,CREATE_DATE,CREATE_USER_KEY,UPDATE_DATE,UPDATE_USER_KEY,STATUS,TENURE_KEY,SUBSIDY_KEY,REC_ACTIVE,SUBSIDY_OTHERS,REASON_LEAVING_OTHERS,DESTINATION_OTHERS,HOUSING_STATUS_KEY,COUNTYNAME,ENGAGEMENT_DATE,BARCODE_PROFILE_KEY,UPDATE_TIMESTAMP,MIGRATION_FLAG,ANNUAL_CASH_GK,ANNUAL_NONCASH_GK) values (238405,715839,STR_TO_DATE('10-APR-08','%d-%b-%y'),null,null,STR_TO_DATE('10-APR-08','%d-%b-%y'),null,null,3691,8,25,STR_TO_DATE('11-APR-08','%d-%b-%y'),11116,STR_TO_DATE('08-MAY-15','%d-%b-%y'),11116,'I',8,null,'I',null,null,null,null,null,null,null,null,null,null,null);
Insert into PATH_CLIENT_PROGRAM (PROGRAM_KEY,CLIENT_KEY,ENTRY_DATE,ENTRY_CASH_GK,ENTRY_NONCASH_GK,EXIT_DATE,EXIT_CASH_GK,EXIT_NONCASH_GK,PROGRAM_NAME_KEY,DESTINATION_KEY,REASON_LEAVING_KEY,CREATE_DATE,CREATE_USER_KEY,UPDATE_DATE,UPDATE_USER_KEY,STATUS,TENURE_KEY,SUBSIDY_KEY,REC_ACTIVE,SUBSIDY_OTHERS,REASON_LEAVING_OTHERS,DESTINATION_OTHERS,HOUSING_STATUS_KEY,COUNTYNAME,ENGAGEMENT_DATE,BARCODE_PROFILE_KEY,UPDATE_TIMESTAMP,MIGRATION_FLAG,ANNUAL_CASH_GK,ANNUAL_NONCASH_GK) values (238411,715839,STR_TO_DATE('10-APR-08','%d-%b-%y'),null,null,STR_TO_DATE('25-JUN-08','%d-%b-%y'),null,null,3691,8,17,STR_TO_DATE('11-APR-08','%d-%b-%y'),11116,STR_TO_DATE('08-MAY-15','%d-%b-%y'),237,'I',1,null,'I',null,null,null,null,null,null,null,null,null,null,null);
Insert into PATH_CLIENT_PROGRAM (PROGRAM_KEY,CLIENT_KEY,ENTRY_DATE,ENTRY_CASH_GK,ENTRY_NONCASH_GK,EXIT_DATE,EXIT_CASH_GK,EXIT_NONCASH_GK,PROGRAM_NAME_KEY,DESTINATION_KEY,REASON_LEAVING_KEY,CREATE_DATE,CREATE_USER_KEY,UPDATE_DATE,UPDATE_USER_KEY,STATUS,TENURE_KEY,SUBSIDY_KEY,REC_ACTIVE,SUBSIDY_OTHERS,REASON_LEAVING_OTHERS,DESTINATION_OTHERS,HOUSING_STATUS_KEY,COUNTYNAME,ENGAGEMENT_DATE,BARCODE_PROFILE_KEY,UPDATE_TIMESTAMP,MIGRATION_FLAG,ANNUAL_CASH_GK,ANNUAL_NONCASH_GK) values (267402,715839,STR_TO_DATE('17-AUG-08','%d-%b-%y'),null,null,STR_TO_DATE('20-AUG-08','%d-%b-%y'),null,null,3691,11,20,STR_TO_DATE('18-AUG-08','%d-%b-%y'),11116,STR_TO_DATE('08-MAY-15','%d-%b-%y'),7395,'I',1,null,'I',null,null,null,null,null,null,null,null,null,null,null);
Insert into PATH_CLIENT_PROGRAM (PROGRAM_KEY,CLIENT_KEY,ENTRY_DATE,ENTRY_CASH_GK,ENTRY_NONCASH_GK,EXIT_DATE,EXIT_CASH_GK,EXIT_NONCASH_GK,PROGRAM_NAME_KEY,DESTINATION_KEY,REASON_LEAVING_KEY,CREATE_DATE,CREATE_USER_KEY,UPDATE_DATE,UPDATE_USER_KEY,STATUS,TENURE_KEY,SUBSIDY_KEY,REC_ACTIVE,SUBSIDY_OTHERS,REASON_LEAVING_OTHERS,DESTINATION_OTHERS,HOUSING_STATUS_KEY,COUNTYNAME,ENGAGEMENT_DATE,BARCODE_PROFILE_KEY,UPDATE_TIMESTAMP,MIGRATION_FLAG,ANNUAL_CASH_GK,ANNUAL_NONCASH_GK) values (292754,715839,STR_TO_DATE('11-NOV-08','%d-%b-%y'),null,null,STR_TO_DATE('08-FEB-09','%d-%b-%y'),null,null,3172,11,20,STR_TO_DATE('12-NOV-08','%d-%b-%y'),237,STR_TO_DATE('08-MAY-15','%d-%b-%y'),7395,'I',1,null,'I',null,null,null,null,null,null,null,null,null,null,null);
Insert into PATH_CLIENT_PROGRAM (PROGRAM_KEY,CLIENT_KEY,ENTRY_DATE,ENTRY_CASH_GK,ENTRY_NONCASH_GK,EXIT_DATE,EXIT_CASH_GK,EXIT_NONCASH_GK,PROGRAM_NAME_KEY,DESTINATION_KEY,REASON_LEAVING_KEY,CREATE_DATE,CREATE_USER_KEY,UPDATE_DATE,UPDATE_USER_KEY,STATUS,TENURE_KEY,SUBSIDY_KEY,REC_ACTIVE,SUBSIDY_OTHERS,REASON_LEAVING_OTHERS,DESTINATION_OTHERS,HOUSING_STATUS_KEY,COUNTYNAME,ENGAGEMENT_DATE,BARCODE_PROFILE_KEY,UPDATE_TIMESTAMP,MIGRATION_FLAG,ANNUAL_CASH_GK,ANNUAL_NONCASH_GK) values (420778,715839,STR_TO_DATE('29-DEC-13','%d-%b-%y'),315523,406309,STR_TO_DATE('29-DEC-13','%d-%b-%y'),315530,406313,5176,11,20,STR_TO_DATE('30-DEC-13','%d-%b-%y'),22439,STR_TO_DATE('08-MAY-15','%d-%b-%y'),22439,'I',null,null,'A',null,null,null,1,'Fulton',null,null,null,null,null,null);
Insert into PATH_CLIENT_PROGRAM (PROGRAM_KEY,CLIENT_KEY,ENTRY_DATE,ENTRY_CASH_GK,ENTRY_NONCASH_GK,EXIT_DATE,EXIT_CASH_GK,EXIT_NONCASH_GK,PROGRAM_NAME_KEY,DESTINATION_KEY,REASON_LEAVING_KEY,CREATE_DATE,CREATE_USER_KEY,UPDATE_DATE,UPDATE_USER_KEY,STATUS,TENURE_KEY,SUBSIDY_KEY,REC_ACTIVE,SUBSIDY_OTHERS,REASON_LEAVING_OTHERS,DESTINATION_OTHERS,HOUSING_STATUS_KEY,COUNTYNAME,ENGAGEMENT_DATE,BARCODE_PROFILE_KEY,UPDATE_TIMESTAMP,MIGRATION_FLAG,ANNUAL_CASH_GK,ANNUAL_NONCASH_GK) values (420779,715839,STR_TO_DATE('29-DEC-13','%d-%b-%y'),315530,406313,STR_TO_DATE('05-JAN-14','%d-%b-%y'),315531,406314,5178,17,20,STR_TO_DATE('06-JAN-14','%d-%b-%y'),7395,STR_TO_DATE('08-MAY-15','%d-%b-%y'),7395,'I',null,null,'A',null,null,null,2,null,null,null,null,null,null,null);
Insert into PATH_CLIENT_PROGRAM (PROGRAM_KEY,CLIENT_KEY,ENTRY_DATE,ENTRY_CASH_GK,ENTRY_NONCASH_GK,EXIT_DATE,EXIT_CASH_GK,EXIT_NONCASH_GK,PROGRAM_NAME_KEY,DESTINATION_KEY,REASON_LEAVING_KEY,CREATE_DATE,CREATE_USER_KEY,UPDATE_DATE,UPDATE_USER_KEY,STATUS,TENURE_KEY,SUBSIDY_KEY,REC_ACTIVE,SUBSIDY_OTHERS,REASON_LEAVING_OTHERS,DESTINATION_OTHERS,HOUSING_STATUS_KEY,COUNTYNAME,ENGAGEMENT_DATE,BARCODE_PROFILE_KEY,UPDATE_TIMESTAMP,MIGRATION_FLAG,ANNUAL_CASH_GK,ANNUAL_NONCASH_GK) values (452637,715839,STR_TO_DATE('10-SEP-14','%d-%b-%y'),356769,434642,null,null,null,5169,null,null,STR_TO_DATE('12-SEP-14','%d-%b-%y'),7395,STR_TO_DATE('08-MAY-15','%d-%b-%y'),null,'A',null,null,'A',null,null,null,2,'Fulton',null,null,null,null,null,null);
Insert into PATH_CLIENT_PROGRAM (PROGRAM_KEY,CLIENT_KEY,ENTRY_DATE,ENTRY_CASH_GK,ENTRY_NONCASH_GK,EXIT_DATE,EXIT_CASH_GK,EXIT_NONCASH_GK,PROGRAM_NAME_KEY,DESTINATION_KEY,REASON_LEAVING_KEY,CREATE_DATE,CREATE_USER_KEY,UPDATE_DATE,UPDATE_USER_KEY,STATUS,TENURE_KEY,SUBSIDY_KEY,REC_ACTIVE,SUBSIDY_OTHERS,REASON_LEAVING_OTHERS,DESTINATION_OTHERS,HOUSING_STATUS_KEY,COUNTYNAME,ENGAGEMENT_DATE,BARCODE_PROFILE_KEY,UPDATE_TIMESTAMP,MIGRATION_FLAG,ANNUAL_CASH_GK,ANNUAL_NONCASH_GK) values (452793,715839,STR_TO_DATE('03-DEC-14','%d-%b-%y'),356904,434788,STR_TO_DATE('03-DEC-14','%d-%b-%y'),null,null,5196,8,0,STR_TO_DATE('04-DEC-14','%d-%b-%y'),7395,STR_TO_DATE('08-MAY-15','%d-%b-%y'),null,'I',8,null,'A',null,null,null,2,null,null,null,null,null,null,null);
Insert into PATH_CLIENT_PROGRAM (PROGRAM_KEY,CLIENT_KEY,ENTRY_DATE,ENTRY_CASH_GK,ENTRY_NONCASH_GK,EXIT_DATE,EXIT_CASH_GK,EXIT_NONCASH_GK,PROGRAM_NAME_KEY,DESTINATION_KEY,REASON_LEAVING_KEY,CREATE_DATE,CREATE_USER_KEY,UPDATE_DATE,UPDATE_USER_KEY,STATUS,TENURE_KEY,SUBSIDY_KEY,REC_ACTIVE,SUBSIDY_OTHERS,REASON_LEAVING_OTHERS,DESTINATION_OTHERS,HOUSING_STATUS_KEY,COUNTYNAME,ENGAGEMENT_DATE,BARCODE_PROFILE_KEY,UPDATE_TIMESTAMP,MIGRATION_FLAG,ANNUAL_CASH_GK,ANNUAL_NONCASH_GK) values (452917,715839,STR_TO_DATE('23-APR-15','%d-%b-%y'),356990,434866,STR_TO_DATE('23-APR-15','%d-%b-%y'),357008,434884,5260,null,null,STR_TO_DATE('24-APR-15','%d-%b-%y'),7395,STR_TO_DATE('08-MAY-15','%d-%b-%y'),7395,'I',null,null,'A',null,null,null,2,null,null,null,null,null,null,null);

Insert into PATH_CLIENT_RACE (CLIENT_KEY,RACE_KEY,PRIMARY_KEY,UPDATE_TIMESTAMP,MIGRATION_FLAG) values (336788,8,366181,null,null);
Insert into PATH_CLIENT_RACE (CLIENT_KEY,RACE_KEY,PRIMARY_KEY,UPDATE_TIMESTAMP,MIGRATION_FLAG) values (336823,6,348937,null,null);
Insert into PATH_CLIENT_RACE (CLIENT_KEY,RACE_KEY,PRIMARY_KEY,UPDATE_TIMESTAMP,MIGRATION_FLAG) values (336825,6,419274,null,null);
Insert into PATH_CLIENT_RACE (CLIENT_KEY,RACE_KEY,PRIMARY_KEY,UPDATE_TIMESTAMP,MIGRATION_FLAG) values (432713,14,775199,null,null);
Insert into PATH_CLIENT_RACE (CLIENT_KEY,RACE_KEY,PRIMARY_KEY,UPDATE_TIMESTAMP,MIGRATION_FLAG) values (516827,8,390600,null,null);
Insert into PATH_CLIENT_RACE (CLIENT_KEY,RACE_KEY,PRIMARY_KEY,UPDATE_TIMESTAMP,MIGRATION_FLAG) values (518207,8,767471,null,null);
Insert into PATH_CLIENT_RACE (CLIENT_KEY,RACE_KEY,PRIMARY_KEY,UPDATE_TIMESTAMP,MIGRATION_FLAG) values (537807,8,472835,null,null);
Insert into PATH_CLIENT_RACE (CLIENT_KEY,RACE_KEY,PRIMARY_KEY,UPDATE_TIMESTAMP,MIGRATION_FLAG) values (538291,8,426723,null,null);
Insert into PATH_CLIENT_RACE (CLIENT_KEY,RACE_KEY,PRIMARY_KEY,UPDATE_TIMESTAMP,MIGRATION_FLAG) values (538293,8,426722,null,null);
Insert into PATH_CLIENT_RACE (CLIENT_KEY,RACE_KEY,PRIMARY_KEY,UPDATE_TIMESTAMP,MIGRATION_FLAG) values (538294,8,479530,null,null);
Insert into PATH_CLIENT_RACE (CLIENT_KEY,RACE_KEY,PRIMARY_KEY,UPDATE_TIMESTAMP,MIGRATION_FLAG) values (715839,5,837715,null,null);
Insert into PATH_CLIENT_RACE (CLIENT_KEY,RACE_KEY,PRIMARY_KEY,UPDATE_TIMESTAMP,MIGRATION_FLAG) values (715839,9,837716,null,null);

Insert into PATH_CLIENT_VETERAN_INFO (VETERAN_KEY,CLIENT_KEY,YR_ENTER_MILITARY,YR_SEP_MILITARY,MILITARY_BRANCH,DISCHARGE_STATUS,WORLD_WAR_II,KOREAN_WAR,VIETNAM_WAR,PERSIAN_WAR,AFGHANISTAN_WAR,IRAQ_FREEDOM,IRAQ_DAWN,OTHER,CREATE_USER_KEY,UPDATE_USER_KEY,CREATE_DATE,UPDATE_TIMESTAMP,VERIFIED_DATE) values (21,715839,'1995','1997',1,1,0,0,0,1,0,0,0,0,null,null,null,null,null);

INSERT INTO `TMP_PROJECT` (`projectId`, `projectName`, `continuumProject`, `projectType`, `residentialAffiliation`, `resProjectId`, `trackingMethod`, `targetPopulation`, `dateCreated`, `dateUpdated`) VALUES (1, 'Example Project', '1', '1', '1', '0', '3', '1', '2015-08-04', '2015-08-04');

INSERT INTO `TMP_PROJECT_CONTINUUM` (`project_coc_id`, `project_id`, `coc_code`, `date_created`, `date_updated`) VALUES ('1', '1', 'EXMPL', '2015-08-04', '2015-08-04');

INSERT INTO `TMP_PROJECT_FUNDER` (`funderId`, `projectId`, `funder`, `grantId`, `startDate`, `endDate`, `dateCreated`, `dateUpdated`) VALUES ('1', '1', '1', '1234', '2015-08-04', '2015-08-04', '2015-08-04', '2015-08-04');

INSERT INTO `TMP_PROJECT_INVENTORY` (`inventoryId`, `projectCoCId`, `informationDate`, `householdType`, `bedType`, `availability`, `unitInventory`, `bedInventory`, `chBedInventory`, `vetBedInventory`, `youthBedInventory`, `youthAgeGroup`, `inventoryStartDate`, `inventoryEndDate`, `participatingBeds`, `dateCreated`, `dateUpdated`) VALUES ('1', '1', '2015-08-04', '0', '1', '1', '10', '10', '10', '10', '10', '1', '2015-08-04', '2015-08-04', '10', '2015-08-04', '2015-08-04');

INSERT INTO `TMP_PROJECT_SITE` (`siteId`, `projectCoCId`, `principalSite`, `geocode`, `address`, `city`, `state`, `zip`, `dateCreated`, `dateUpdated`) VALUES ('1', '1', '1', '11.1\'11.1', '123 Fake St', 'Fakesville', 'GA', '12345', '2015-08-04', '2015-08-04');

INSERT INTO `TMP_ORGANIZATION` (`organizationId`, `organizationName`, `dateCreated`, `dateUpdated`) VALUES ('1', 'FromeCo', '2015-08-04', '2015-08-04');

INSERT INTO `TMP_CHRONIC_HEALTH_CONDITION` (`chronicHealthConditionId`, `enrollmentId`, `informationDate`, `response`, `indefiniteAndImpairs`, `documentationOnFile`, `receivingServices`, `dateCreated`, `dateUpdated`) VALUES ('1', '1', '2015-08-04', '1', '1', '1', '1', '2015-08-04', '2015-08-04');

INSERT INTO `TMP_CONTACT` (`contactId`, `enrollmentId`, `dateProvided`, `typeProvided`, `dateCreated`, `dateUpdated`) VALUES ('1', '1', '2015-08-04', '1', '2015-08-04', '2015-08-04');

INSERT INTO `TMP_DEVELOPMENTAL_DISABILITY` (`developmentalDisabilityId`, `enrollmentId`, `informationDate`, `response`, `indefiniteAndImpairs`, `documentationOnFile`, `receivingServices`, `dateCreated`, `dateUpdated`) VALUES ('1', '1', '2015-08-04', '1', '1', '1', '1', '2015-08-04', '2015-08-04');

INSERT INTO `TMP_DOMESTIC_ABUSE` (`domesticAbuseId`, `enrollmentId`, `informationDate`, `domesticViolenceVictim`, `whenOccurred`, `dateCreated`, `dateUpdated`) VALUES ('1', '1', '2015-08-04', '1', '1', '2015-08-04', '2015-08-04');

INSERT INTO `TMP_ENROLLMENT` (`enrollmentId`, `personalId`, `projectExit`, `disablingCondition`, `residencePrior`, `otherResidence`, `residencePriorLengthOfStay`, `entryDate`, `householdId`, `relationshipToHoH`, `clientLocationInformationDate`, `cocCode`, `continuouslyHomelessOneYear`, `timesHomelessInPastThreeYears`, `monthsHomelessPastThreeYears`, `monthsHomelessThisTime`, `statusDocumentedCode`, `housingStatus`, `dateOfEngagement`, `residentialMoveInDate`, `inPermanentHousing`, `permanentHousingMoveDate`, `dateOfPathStatus`, `clientEnrolledInPath`, `reasonNotEnrolled`, `dateOfBcpStatus`, `fysbYouth`, `reasonNoServices`, `sexualOrientation`, `lastGradeCompleted`, `schoolStatus`, `employedInformationDate`, `employed`, `employmentType`, `notEmployedReason`, `generalHealthStatus`, `dentalHealthStatus`, `mentalHealthStatus`, `pregnancyStatusCode`, `pregnancyDueDate`, `formerlyChildWelfare`, `childWelfareYears`, `childWelfareMonths`, `formerWardJuvenileJustice`, `juvenileJusticeYears`, `juvenileJusticeMonths`, `householdDynamics`, `sexualOrientationGenderIdYouth`, `sexualOrientationGenderIdFam`, `housingIssuesYouth`, `housingIssuesFam`, `schoolEducationalIssuesYouth`, `schoolEducationalIssuesFam`, `unemploymentYouth`, `unemploymentFam`, `mentalHealthIssuesYouth`, `mentalHealthIssuesFam`, `healthIssuesYouth`, `healthIssuesFam`, `physicalDisabilityYouth`, `physicalDisabilityFam`, `mentalDisabilityYouth`, `mentalDisabilityFam`, `abuseAndNeglectYouth`, `abuseAndNeglectFam`, `alcoholDrugAbuseYouth`, `alcoholDrugAbuseFam`, `insufficientIncome`, `activeMilitaryParent`, `incarceratedParent`, `incarceratedParentStatus`, `referralSource`, `countOUtreachReferralApproaches`, `exchangeForSexPastThreeMonths`, `countOfExchangeForSex`, `askedOrForcedToExchangeForSex`, `worstHousingSituation`, `percentAmi`, `lastPermanentStreet`, `lastPermanentCity`, `lastPermanentState`, `lastPermanentZip`, `addressDataQuality`, `dateCreated`, `dateUpdated`) VALUES ('1', '1', '1', '1', '1', 'Other', '2', '2015-08-04', '1', '1', '2015-08-04', 'myCoC', '1', '1', '102', '1', '1', '1', '2015-08-04', '2015-08-04', '1', '2015-08-04', '2015-08-04', '1', '1', '2015-08-04', '1', '1', '1', '1', '1', '2015-08-04', '1', '1', '1', '1', '1', '1', '1', '2015-08-04', '1', '1', '1', '1', '1', '1', '1', '1', '1', '1', '1', '1', '1', '1', '1', '1', '1', '1', '1', '1', '1', '1', '1', '1', '1', '1', '1', '1', '1', '1', '1', '1', '1', '1', '1', '1', '1', '1', '1', '1', '1', '1', '1', '2015-08-04', '2015-08-04');

INSERT INTO `TMP_EXIT` (`exitId`, `enrollmentId`, `projectExitDate`, `destinationTypeCode`, `otherDestination`, `assessmentDisposition`, `otherDisposition`, `housingAssessment`, `subsidyInformation`, `connectionWithSoar`, `employedInformationDate`, `employed`, `employmentType`, `notEmployedReason`, `generalHealthStatus`, `dentalHealthStatus`, `mentalHealthStatus`, `writtenAftercarePlan`, `assistanceMainstreamBenefits`, `permanentHousingPlacement`, `temporaryShelterPlacement`, `exitCounciling`, `furtherFollowupServices`, `scheduledFollowupContacts`, `resourcePackage`, `otherAftercarePlanOrAction`, `projectCompletionStatus`, `earlyExitReason`, `earlyExpulsionReason`, `familyReunificationCode`, `dateCreated`, `dateUpdated`) VALUES ('1', '1', '2015-08-04', '1', '1', '1', '1', '1', '1', '1', '2015-08-04', '1', '1', '1', '1', '1', '1', '1', '1', '1', '1', '1', '1', '1', '1', '1', '1', '1', '1', '1', '2015-08-04', '2015-08-04');

INSERT INTO `TMP_FINANCIAL_ASSISTANCE` (`financialAssistanceId`, `enrollmentId`, `dateProvided`, `hopwaTypeProvided`, `hopwaFaaAmount`, `ssvfTypeProvided`, `ssvfFaaAmount`, `dateCreated`, `dateUpdated`) VALUES ('1', '1', '2015-08-04', '1', '10', '1', '10', '2015-08-04 ', '2015-08-04 ');

INSERT INTO `TMP_HEALTH_INSURANCE` (`healthInsuranceId`, `enrollmentId`, `informationDate`, `insuranceFromAnySource`, `medicaid`, `noMedicaidReason`, `medicare`, `noMedicareReason`, `schip`, `noSchipReason`, `vaMedicalServices`, `noVaMedReason`, `employerProvided`, `noEmployerProvidedReason`, `cobra`, `noCobraReason`, `Pay`, `noPayReason`, `stateHealthIns`, `noStateHealthInsReason`, `dateCreated`, `dateUpdated`) VALUES ('1', '1', '2015-08-04\n', '1', '1', '1', '1', '1', '1', '1', '1', '1', '1', '1', '1', '1', '1', '1', '1', '1', '2015-08-04', '2015-08-04');

INSERT INTO `TMP_HIV_AIDS_STATUS` (`hivAidsStatusId`, `enrollmentId`, `informationDate`, `response`, `indefiniteAndImpairs`, `documentationOnFile`, `receivingServices`, `dateCreated`, `dateUpdated`) VALUES ('1', '1', '2015-08-04', '1', '1', '1', '1', '2015-08-04', '2015-08-04');

INSERT INTO `TMP_INCOME_SOURCE` (`incomeSourceId`, `enrollmentId`, `informationDate`, `incomeFromAnySourceCode`, `totalMonthlyIncome`, `earned`, `earnedAmount`, `unemployment`, `unemploymentAmount`, `ssi`, `ssiAmount`, `ssdi`, `ssdiAmount`, `vaDisabilityService`, `vaDisabilityServiceAmount`, `vaDisabilityNonService`, `vaDisabilityNonServiceAmount`, `Disability`, `DisabilityAmount`, `workerscomp`, `workersCompAmount`, `tanf`, `tanfAmount`, `ga`, `gaAmount`, `socSecRetirement`, `socSecRetirementAmount`, `pension`, `pensionAmount`, `childSupport`, `childSupportAmount`, `alimony`, `alimonyAmount`, `otherIncomeSource`, `otherIncomeAmount`, `dateCreated`, `dateUpdated`) VALUES ('1', '1', '2015-08-04', '1', '1', '1', '10', '1', '10', '1', '10', '1', '10', '1', '10', '1', '10', '1', '10', '1', '10', '1', '10', '1', '10', '1', '10', '1', '10', '1', '10', '1', '10', '1', '10', '2015-08-04', '2015-08-04');

INSERT INTO `TMP_MEDICAL_ASSISTANCE` (`medicalAssistanceId`, `enrollmentId`, `informationDate`, `hivAidsAssistance`, `noHivAidsAssistanceReason`, `adap`, `noAdapReason`, `dateCreated`, `dateUpdated`) VALUES ('1', '1', '2015-08-04', '1', '1', '1', '1', '2015-08-04', '2015-08-04');

INSERT INTO `TMP_MENTAL_HEALTH_PROBLEM` (`mentalHealthProblemId`, `enrollmentId`, `informationDate`, `response`, `indefiniteAndImpairs`, `documentationOnFile`, `receivingServices`, `pathHowConfirmed`, `pathSmiInformation`, `dateCreated`, `dateUpdated`) VALUES ('1', '1', '2015-08-04', '1', '1', '1', '1', '1', '1', '2015-08-04', '2015-08-04');

INSERT INTO `TMP_NON_CASH_BENEFIT` (`nonCashBenefitId`, `enrollmentId`, `informationDate`, `benefitsFromAnySource`, `snap`, `wic`, `tanfChildCare`, `tanfTransportation`, `otherTanf`, `rentalAssistanceOngoing`, `otherBenefitsSource`, `rentalAssistanceTemp`, `otherBenefitsSourceIdentify`, `dateCreated`, `dateUpdated`) VALUES ('1', '1', '2015-08-04', '1', '1', '1', '1', '1', '1', '1', '1', '1', '1', '2015-08-04', '2015-08-04');

INSERT INTO `TMP_PHYSICAL_DISABILITY` (`physicalDisabilityId`, `enrollmentId`, `informationDate`, `response`, `indefiniteAndImpairs`, `documentationOnFile`, `receivingServices`, `dateCreated`, `dateUpdated`) VALUES ('1', '1', '2015-08-04', '1', '1', '1', '1', '2015-08-04', '2015-08-04');

INSERT INTO `TMP_REFERRAL` (`referralId`, `enrollmentId`, `referralDate`, `pathTypeProvided`, `referralOutcome`, `rhyTypeProvided`, `dateCreated`, `dateUpdated`) VALUES ('1', '1', '2015-08-04', '1', '1', '1', '2015-08-04', '2015-08-04');

INSERT INTO `TMP_SERVICE` (`serviceId`, `enrollmentId`, `dateProvided`, `pathTypeProvided`, `rhyTypeProvided`, `hopwaTypeProvided`, `ssvfTypeProvided`, `ssvfVaSubTypeProvided`, `ssvfCoordinatingSubTypeProvided`, `ssvfDirectSubTypeProvided`, `ssvfOtherService`, `dateCreated`, `dateUpdated`) VALUES ('1', '1', '2015-08-04', '1', '1', '1', '1', '1', '1', '1', '1', '2015-08-04', '2015-08-04');

INSERT INTO `TMP_SUBSTANCE_ABUSE` (`substanceAbuseId`, `enrollmentId`, `informationDate`, `response`, `indefiniteAndImpairs`, `documentationOnFile`, `receivingServices`, `pathHowConfirmed`, `dateCreated`, `dateUpdated`) VALUES ('1', '1', '2015-08-04', '1', '1', '1', '1', '1', '2015-08-04', '2015-08-04');