LOCK TABLES `AGENCY` WRITE;
INSERT INTO `AGENCY` VALUES (14264,'Dummy Data, Inc. ',1,1,'2015-01-28 00:00:00',1,'2015-02-26 21:54:29',2,'Dummy Data, Inc. ');
UNLOCK TABLES;

LOCK TABLES `CLIENT` WRITE;
INSERT INTO `CLIENT` VALUES (30486,NULL,'Phena','Parish','Y',NULL,1,'300030486',1,'1988-04-24',0,0,0,1,'2004-12-16 00:00:00',2,'2015-02-26 21:57:27',2,'2015-01-27 19:07:00'),(33636,NULL,'Panache','Purlina','Y','Jr.',1,'300033636',1,'1969-02-03',0,1,0,1,'2005-02-24 00:00:00',2,'2015-02-26 21:57:27',2,'2015-01-27 19:07:00'),(39976,NULL,'Papacy','Apple',NULL,'MSW, LISW',1,'300039976',1,'1962-04-13',0,0,0,1,'2005-06-28 00:00:00',2,'2015-02-26 21:57:27',2,'2015-01-27 19:07:00'),(61985,NULL,'Puptent','Parmida','X',NULL,8,NULL,1,'1968-06-26',9,NULL,NULL,1,'2007-11-13 00:00:00',2,'2015-02-26 21:57:27',2,'2015-01-27 19:07:00'),(62008,NULL,'Phamily','Paula','Z',NULL,1,'300062008',1,'1991-05-13',0,0,0,1,'2007-11-14 00:00:00',2,'2015-02-26 21:57:27',2,'2015-01-27 19:07:00'),(62009,NULL,'Phederal','Pauletta','F',NULL,1,'300062009',1,'1998-01-16',0,0,0,1,'2007-11-14 00:00:00',2,'2015-02-26 21:57:27',2,'2015-01-27 19:07:00'),(62011,NULL,'Phelicitate','Paulina','T',NULL,1,'300062011',1,'1999-03-10',0,0,0,1,'2007-11-14 00:00:00',2,'2015-02-26 21:57:27',2,'2015-01-27 19:07:00'),(64036,NULL,'Papadakis','Miranda','X',NULL,1,'300064036',1,'1988-12-05',0,0,1,1,'2008-02-29 00:00:00',2,'2015-02-26 21:57:27',2,'2015-01-27 19:07:00'),(64037,NULL,'Paparodis','Molly','Y',NULL,1,'300064037',8,NULL,0,0,0,1,'2008-02-29 00:00:00',2,'2015-02-26 21:57:27',2,'2015-01-27 19:07:00'),(69239,NULL,'Pond','Philantha','Z',NULL,1,'300069239',1,'1970-11-17',0,0,0,1,'2008-10-20 00:00:00',2,'2015-02-26 21:57:27',2,'2015-01-27 19:07:00'),(70999,NULL,'Pearson','Pebbles','T',NULL,1,'300070999',NULL,NULL,0,0,0,1,'2009-01-13 00:00:00',2,'2015-02-26 21:57:27',2,'2015-01-27 19:07:00'),(71000,NULL,'Peart','Pegeen',NULL,NULL,1,'300071000',1,'2007-11-02',0,0,0,1,'2009-01-13 00:00:00',2,'2015-02-26 21:57:27',2,'2015-01-27 19:07:00'),(75268,NULL,'Phelan','Pirro','R',NULL,1,'300075268',1,'1960-09-25',0,0,1,1,'2009-07-08 00:00:00',2,'2015-02-26 21:57:27',2,'2015-01-27 19:07:00'),(77525,NULL,'Patel','Pablo','X',NULL,1,'300077525',1,'1985-03-18',1,0,0,1,'2009-09-07 00:00:00',2,'2015-02-26 21:57:27',2,'2015-01-27 19:07:00'),(77526,NULL,'Patent','Paciencia','Y',NULL,8,'300077526',1,'2005-01-25',1,0,0,1,'2009-09-07 00:00:00',2,'2015-02-26 21:57:27',2,'2015-01-27 19:07:00'),(84421,NULL,'Pedagogue','Opus','Y',NULL,1,'300084421',1,'1986-05-08',0,0,0,1,'2010-02-19 00:00:00',2,'2015-02-26 21:57:27',2,'2015-01-27 19:07:00'),(84422,NULL,'Pedant','Orange','Z',NULL,1,'300084422',1,'1999-01-01',1,1,0,1,'2010-02-19 00:00:00',2,'2015-02-26 21:57:27',2,'2015-01-27 19:07:00'),(84423,NULL,'Pediatrics','Pabla','F',NULL,1,'300084423',1,'2009-01-23',1,1,0,1,'2010-02-19 00:00:00',2,'2015-02-26 21:57:27',2,'2015-01-27 19:07:00'),(86711,NULL,'Smith','Josefina',NULL,NULL,1,'987123456',2,'1972-09-02',9,0,NULL,1,'2011-03-18 00:00:00',2,'2015-02-26 21:57:27',2,'2015-01-27 19:07:00'),(86712,NULL,'Phylum','Phineas',NULL,NULL,1,'123456987',1,'1997-09-02',0,1,0,1,'2011-03-18 00:00:00',2,'2015-02-26 21:57:27',2,'2015-01-27 19:07:00');
UNLOCK TABLES;

LOCK TABLES `CLIENT_CASH_INCOME` WRITE;
INSERT INTO `CLIENT_CASH_INCOME` VALUES (1,61985,'2010-01-02',1,540.00,0,NULL,NULL,0,NULL,NULL,0,NULL,NULL,0,NULL,NULL,0,NULL,NULL,0,NULL,NULL,0,NULL,NULL,1,480.00,NULL,0,NULL,NULL,0,NULL,NULL,0,NULL,NULL,0,NULL,NULL,1,60.00,NULL,0,NULL,NULL,0,NULL,NULL,1,'2010-01-02 00:00:00',2,'2015-02-26 21:59:51',2),(2,30486,'2010-01-29',1,434.00,0,NULL,NULL,0,NULL,NULL,0,NULL,NULL,0,NULL,NULL,0,NULL,NULL,0,NULL,NULL,0,NULL,NULL,1,434.00,NULL,0,NULL,NULL,0,NULL,NULL,0,NULL,NULL,0,NULL,NULL,0,NULL,NULL,0,NULL,NULL,0,NULL,NULL,1,'2010-01-29 00:00:00',2,'2015-02-26 21:59:51',2),(3,86712,'2010-10-31',1,400.00,0,NULL,NULL,0,NULL,NULL,1,400.00,NULL,0,NULL,NULL,0,NULL,NULL,0,NULL,NULL,0,NULL,NULL,0,NULL,NULL,0,NULL,NULL,0,NULL,NULL,0,NULL,NULL,0,NULL,NULL,0,NULL,NULL,0,NULL,NULL,0,NULL,NULL,1,'2010-01-05 00:00:00',2,'2015-02-26 21:59:51',2),(4,64036,'2009-11-02',1,355.00,0,NULL,NULL,0,NULL,NULL,0,NULL,NULL,0,NULL,NULL,0,NULL,NULL,0,NULL,NULL,0,NULL,NULL,1,355.00,NULL,0,NULL,NULL,0,NULL,NULL,0,NULL,NULL,0,NULL,NULL,0,NULL,NULL,0,NULL,NULL,0,NULL,NULL,1,'2009-11-02 00:00:00',2,'2015-02-26 21:59:51',2),(5,75268,'2010-12-20',1,NULL,1,0.00,NULL,1,650.00,NULL,0,NULL,NULL,0,NULL,NULL,0,NULL,NULL,0,NULL,NULL,1,500.00,NULL,0,NULL,NULL,0,NULL,NULL,0,NULL,NULL,0,NULL,NULL,0,NULL,NULL,1,10.00,NULL,0,NULL,NULL,0,NULL,NULL,1,'2010-12-20 00:00:00',2,'2015-02-26 21:59:51',2),(6,30486,'2010-02-17',1,434.00,0,0.00,NULL,0,NULL,NULL,0,NULL,NULL,0,NULL,NULL,0,NULL,NULL,0,NULL,NULL,0,NULL,NULL,1,434.00,NULL,0,NULL,NULL,0,NULL,NULL,0,NULL,NULL,0,NULL,NULL,0,NULL,NULL,0,NULL,NULL,0,NULL,NULL,1,'2010-02-17 00:00:00',2,'2015-02-26 21:59:51',2),(7,84421,'2010-02-24',1,434.00,0,NULL,NULL,0,NULL,NULL,0,NULL,NULL,0,NULL,NULL,0,NULL,NULL,0,NULL,NULL,0,NULL,NULL,1,434.00,NULL,0,NULL,NULL,0,NULL,NULL,0,NULL,NULL,0,NULL,NULL,0,NULL,NULL,0,NULL,NULL,0,NULL,NULL,1,'2010-02-24 00:00:00',2,'2015-02-26 21:59:51',2),(8,69239,'2010-03-15',1,674.00,0,NULL,NULL,0,NULL,NULL,1,674.00,NULL,0,NULL,NULL,0,NULL,NULL,0,NULL,NULL,0,NULL,NULL,0,NULL,NULL,0,NULL,NULL,0,NULL,NULL,0,NULL,NULL,0,NULL,NULL,0,NULL,NULL,0,NULL,NULL,0,NULL,NULL,1,'2010-03-15 00:00:00',2,'2015-02-26 21:59:51',2),(9,33636,'2010-03-18',1,1100.00,1,750.00,NULL,0,NULL,NULL,0,NULL,NULL,0,NULL,NULL,0,NULL,NULL,1,350.00,NULL,0,NULL,NULL,0,NULL,NULL,0,NULL,NULL,0,NULL,NULL,0,NULL,NULL,0,NULL,NULL,0,NULL,NULL,0,NULL,NULL,0,NULL,NULL,1,'2011-03-18 00:00:00',2,'2015-02-26 21:59:51',2),(10,61985,'2009-03-31',1,60.00,0,NULL,NULL,0,NULL,NULL,0,NULL,NULL,0,NULL,NULL,0,NULL,NULL,0,NULL,NULL,0,NULL,NULL,0,NULL,NULL,0,NULL,NULL,0,NULL,NULL,0,NULL,NULL,0,NULL,NULL,1,60.00,NULL,0,NULL,NULL,0,NULL,NULL,1,'2009-03-31 00:00:00',2,'2015-02-26 21:59:51',2),(11,84421,'2010-03-04',1,434.00,0,NULL,NULL,0,NULL,NULL,0,NULL,NULL,0,NULL,NULL,0,NULL,NULL,0,NULL,NULL,0,NULL,NULL,1,434.00,NULL,0,NULL,NULL,0,NULL,NULL,0,NULL,NULL,0,NULL,NULL,0,NULL,NULL,0,NULL,NULL,0,NULL,NULL,1,'2010-03-04 00:00:00',2,'2015-02-26 21:59:51',2),(12,86712,'2010-01-05',1,400.00,0,NULL,NULL,0,NULL,NULL,1,400.00,NULL,0,NULL,NULL,0,NULL,NULL,0,NULL,NULL,0,NULL,NULL,0,NULL,NULL,0,NULL,NULL,0,NULL,NULL,0,NULL,NULL,0,NULL,NULL,0,NULL,NULL,0,NULL,NULL,0,NULL,NULL,1,'2010-06-01 00:00:00',2,'2015-02-26 21:59:51',2),(13,30486,'2010-07-01',1,500.00,1,500.00,NULL,0,NULL,NULL,0,NULL,NULL,0,NULL,NULL,0,NULL,NULL,0,NULL,NULL,0,NULL,NULL,0,NULL,NULL,0,NULL,NULL,0,NULL,NULL,0,NULL,NULL,0,NULL,NULL,0,NULL,NULL,0,NULL,NULL,0,NULL,NULL,1,'2010-07-01 00:00:00',2,'2015-02-26 21:59:51',2);
UNLOCK TABLES;

LOCK TABLES `CLIENT_DISABILITIES` WRITE;
INSERT INTO `CLIENT_DISABILITIES` VALUES (1,86711,'2010-01-13',0,NULL,0,NULL,9,NULL,0,NULL,0,NULL,NULL,99,NULL,NULL,0,NULL,1,'2010-01-13 00:00:00',2,'2015-02-26 22:00:55',2,NULL,NULL,NULL,'2010-01-13 00:00:00'),(2,61985,'2010-01-02',0,NULL,0,NULL,99,NULL,0,NULL,0,NULL,NULL,99,NULL,NULL,0,NULL,1,'2010-01-02 00:00:00',2,'2015-02-26 22:00:55',2,NULL,NULL,NULL,'2015-01-02 00:00:00'),(3,62008,'2010-01-02',0,NULL,0,NULL,0,NULL,0,NULL,0,NULL,NULL,0,NULL,NULL,0,NULL,1,'2010-01-02 00:00:00',2,'2015-02-26 22:00:55',2,NULL,NULL,NULL,'2010-01-02 00:00:00'),(4,62009,'2010-01-02',0,NULL,0,NULL,0,NULL,0,NULL,0,NULL,NULL,0,NULL,NULL,0,NULL,1,'2010-01-02 00:00:00',2,'2015-02-26 22:00:55',2,NULL,NULL,NULL,'2010-01-02 00:00:00'),(5,62011,'2010-01-02',0,NULL,0,NULL,0,NULL,0,NULL,0,NULL,NULL,0,NULL,NULL,0,NULL,1,'2010-01-02 00:00:00',2,'2015-02-26 22:00:55',2,NULL,NULL,NULL,'2010-01-02 00:00:00'),(6,30486,'2010-01-29',0,NULL,0,NULL,0,NULL,0,NULL,0,NULL,NULL,0,NULL,NULL,0,NULL,1,'2010-01-29 00:00:00',2,'2015-02-26 22:00:55',2,NULL,NULL,NULL,'2010-01-29 00:00:00'),(7,70999,'2010-01-29',0,NULL,0,NULL,0,NULL,0,NULL,0,NULL,NULL,0,NULL,NULL,0,NULL,1,'2010-01-29 00:00:00',2,'2015-02-26 22:00:55',2,NULL,NULL,NULL,'2010-01-29 00:00:00'),(8,71000,'2010-01-29',0,NULL,0,NULL,0,NULL,0,NULL,0,NULL,NULL,0,NULL,NULL,0,NULL,1,'2010-01-29 00:00:00',2,'2015-02-26 22:00:55',2,NULL,NULL,NULL,'2010-01-29 00:00:00'),(9,70999,'2010-10-01',0,NULL,0,NULL,0,NULL,0,NULL,0,NULL,NULL,0,NULL,NULL,0,NULL,1,'2010-10-01 00:00:00',2,'2015-02-26 22:00:55',2,NULL,NULL,NULL,'2010-10-01 00:00:00'),(10,33636,'2009-10-28',0,NULL,0,NULL,1,1,0,NULL,0,NULL,NULL,0,NULL,NULL,1,1,1,'2009-10-28 00:00:00',2,'2015-02-26 22:00:55',2,NULL,NULL,NULL,'2009-10-28 00:00:00'),(11,86712,'2010-10-31',0,NULL,0,NULL,0,NULL,0,NULL,1,1,0,1,0,1,0,NULL,1,'2010-10-31 00:00:00',2,'2015-02-26 22:00:55',2,NULL,NULL,NULL,'2010-10-31 00:00:00'),(12,64036,'2009-10-08',0,NULL,0,NULL,0,NULL,0,NULL,0,NULL,NULL,0,NULL,NULL,0,NULL,1,'2009-10-08 00:00:00',2,'2015-02-26 22:00:55',2,NULL,NULL,NULL,'2009-10-08 00:00:00'),(13,64037,'2009-10-08',0,NULL,0,NULL,0,NULL,0,NULL,0,NULL,NULL,0,NULL,NULL,0,NULL,1,'2009-10-08 00:00:00',2,'2015-02-26 22:00:55',2,NULL,NULL,NULL,'2009-10-08 00:00:00'),(14,69239,'2008-11-18',0,NULL,0,NULL,1,1,0,NULL,1,1,99,0,NULL,NULL,0,NULL,1,'2008-11-18 00:00:00',2,'2015-02-26 22:00:55',2,NULL,NULL,NULL,'2008-11-18 00:00:00'),(15,64036,'2009-11-02',99,NULL,99,NULL,99,NULL,99,NULL,99,NULL,NULL,99,NULL,NULL,99,NULL,1,'2009-11-02 00:00:00',2,'2015-02-26 22:00:55',2,NULL,NULL,NULL,'2009-11-02 00:00:00'),(16,39976,'2009-11-06',0,NULL,0,NULL,0,NULL,0,NULL,1,1,99,0,NULL,NULL,0,NULL,1,'2009-11-06 00:00:00',2,'2015-02-26 22:00:55',2,NULL,NULL,NULL,'2009-11-06 00:00:00'),(17,75268,'2010-10-20',99,NULL,99,NULL,99,NULL,99,NULL,99,NULL,NULL,99,NULL,NULL,99,NULL,1,'2010-10-20 00:00:00',2,'2015-02-26 22:00:55',2,NULL,NULL,NULL,'2010-12-20 00:00:00'),(18,75268,'2009-12-21',0,NULL,0,NULL,1,1,0,NULL,1,1,99,1,99,99,0,NULL,1,'2009-12-21 00:00:00',2,'2015-02-26 22:00:55',2,NULL,NULL,NULL,'2009-12-21 00:00:00'),(19,30486,'2010-02-17',99,NULL,99,NULL,99,NULL,99,NULL,99,NULL,NULL,99,NULL,NULL,99,NULL,1,'2010-02-17 00:00:00',2,'2015-02-26 22:00:55',2,NULL,NULL,NULL,'2010-02-17 00:00:00'),(20,30486,'2010-02-17',0,NULL,0,NULL,0,NULL,0,NULL,0,NULL,NULL,0,NULL,NULL,0,NULL,1,'2010-02-17 00:00:00',2,'2015-02-26 22:00:55',2,NULL,NULL,NULL,'2010-02-17 00:00:00'),(21,70999,'2010-02-17',0,NULL,0,NULL,0,NULL,0,NULL,0,NULL,NULL,0,NULL,NULL,0,NULL,1,'2010-02-17 00:00:00',2,'2015-02-26 22:00:55',2,NULL,NULL,NULL,'2010-02-17 00:00:00'),(22,71000,'2010-02-17',0,NULL,0,NULL,0,NULL,0,NULL,0,NULL,NULL,0,NULL,NULL,0,NULL,1,'2010-02-17 00:00:00',2,'2015-02-26 22:00:55',2,NULL,NULL,NULL,'2010-02-17 00:00:00'),(23,84421,'2010-02-19',0,NULL,0,NULL,0,NULL,0,NULL,0,NULL,NULL,0,NULL,NULL,0,NULL,1,'2010-02-19 00:00:00',2,'2015-02-26 22:00:55',2,NULL,NULL,NULL,'2010-02-19 00:00:00'),(24,84422,'2010-02-19',1,0,1,0,0,NULL,1,0,0,NULL,NULL,0,NULL,NULL,0,NULL,1,'2010-02-19 00:00:00',2,'2015-02-26 22:00:55',2,NULL,NULL,NULL,'2010-02-19 00:00:00'),(25,84423,'2010-02-19',0,NULL,0,NULL,0,NULL,0,NULL,0,NULL,NULL,0,NULL,NULL,0,NULL,1,'2010-02-19 00:00:00',2,'2015-02-26 22:00:55',2,NULL,NULL,NULL,'2010-02-19 00:00:00'),(26,84421,'2010-02-24',99,NULL,99,NULL,99,NULL,99,NULL,99,NULL,NULL,99,NULL,NULL,99,NULL,1,'2010-02-24 00:00:00',2,'2015-02-26 22:00:55',2,NULL,NULL,NULL,'2010-02-24 00:00:00'),(27,69239,'2010-03-15',99,NULL,99,NULL,99,NULL,99,NULL,99,NULL,NULL,99,NULL,NULL,99,NULL,1,'2010-03-15 00:00:00',2,'2015-02-26 22:00:55',2,NULL,NULL,NULL,'2010-03-15 00:00:00'),(28,33636,'2010-03-18',99,NULL,99,NULL,99,NULL,99,NULL,99,NULL,NULL,99,NULL,NULL,99,NULL,1,'2010-03-18 00:00:00',2,'2015-02-26 22:00:55',2,NULL,NULL,NULL,'2010-03-18 00:00:00'),(29,61985,'2009-03-31',0,NULL,0,NULL,99,NULL,0,NULL,0,NULL,NULL,0,NULL,NULL,0,NULL,1,'2009-03-31 00:00:00',2,'2015-02-26 22:00:55',2,NULL,NULL,NULL,'2009-03-31 00:00:00'),(30,62008,'2009-03-31',0,NULL,0,NULL,0,NULL,0,NULL,0,NULL,NULL,0,NULL,NULL,0,NULL,1,'2009-03-31 00:00:00',2,'2015-02-26 22:00:55',2,NULL,NULL,NULL,'2009-03-31 00:00:00'),(31,62009,'2009-03-31',0,NULL,0,NULL,0,NULL,0,NULL,0,NULL,NULL,0,NULL,NULL,0,NULL,1,'2009-03-31 00:00:00',2,'2015-02-26 22:00:55',2,NULL,NULL,NULL,'2009-03-31 00:00:00'),(32,62011,'2009-03-31',0,NULL,0,NULL,0,NULL,0,NULL,0,NULL,NULL,0,NULL,NULL,0,NULL,1,'2009-03-31 00:00:00',2,'2015-02-26 22:00:55',2,NULL,NULL,NULL,'2009-03-31 00:00:00'),(33,84421,'0410-03-03',0,NULL,0,NULL,0,NULL,0,NULL,0,NULL,NULL,0,NULL,NULL,0,NULL,1,'2010-03-04 00:00:00',2,'2015-02-26 22:00:55',2,NULL,NULL,NULL,'2010-03-04 00:00:00'),(34,84422,'2010-03-04',1,0,1,0,0,NULL,1,0,0,NULL,NULL,0,NULL,NULL,0,NULL,1,'2010-03-04 00:00:00',2,'2015-02-26 22:00:55',2,NULL,NULL,NULL,'2010-03-04 00:00:00'),(35,84423,'2010-03-04',0,NULL,0,NULL,0,NULL,0,NULL,0,NULL,NULL,0,NULL,NULL,0,NULL,1,'2010-03-04 00:00:00',2,'2015-02-26 22:00:55',2,NULL,NULL,NULL,'2010-03-04 00:00:00'),(36,69239,'2009-05-01',99,NULL,99,NULL,99,NULL,99,NULL,99,NULL,NULL,99,NULL,NULL,99,NULL,1,'2009-05-01 00:00:00',2,'2015-02-26 22:00:55',2,NULL,NULL,NULL,'2009-05-01 00:00:00'),(37,86711,'2010-06-01',0,NULL,0,NULL,9,NULL,0,NULL,0,NULL,NULL,99,NULL,NULL,0,NULL,1,'2010-06-01 00:00:00',2,'2015-02-26 22:00:55',2,NULL,NULL,NULL,'2010-06-01 00:00:00'),(38,86712,'2010-06-01',0,NULL,0,NULL,0,NULL,0,NULL,0,NULL,NULL,1,99,1,0,NULL,1,'2010-06-01 00:00:00',2,'2015-02-26 22:00:55',2,NULL,NULL,NULL,'2010-06-01 00:00:00'),(39,30486,'2010-07-01',0,NULL,0,NULL,0,NULL,0,NULL,0,NULL,NULL,0,NULL,NULL,0,NULL,1,'2010-07-01 00:00:00',2,'2015-02-26 22:00:55',2,NULL,NULL,NULL,'2010-07-01 00:00:00'),(40,86711,'2010-07-01',0,NULL,0,NULL,9,NULL,0,NULL,0,NULL,NULL,99,NULL,NULL,0,NULL,1,'2010-07-01 00:00:00',2,'2015-02-26 22:00:55',2,NULL,NULL,NULL,'2010-07-01 00:00:00'),(41,84422,'2010-09-01',1,0,1,0,0,NULL,1,0,0,NULL,NULL,0,NULL,NULL,0,NULL,1,'2010-09-01 00:00:00',2,'2015-02-26 22:00:55',2,NULL,NULL,NULL,'2010-09-01 00:00:00'),(42,77525,'2009-09-28',99,NULL,99,NULL,99,NULL,99,NULL,99,NULL,NULL,99,NULL,NULL,99,NULL,1,'2009-09-28 00:00:00',2,'2015-02-26 22:00:55',2,NULL,NULL,NULL,'2009-09-28 00:00:00'),(43,77525,'2009-09-08',1,99,0,NULL,0,NULL,0,NULL,0,NULL,NULL,0,NULL,NULL,0,NULL,1,'2009-09-08 00:00:00',2,'2015-02-26 22:00:55',2,NULL,NULL,NULL,'2009-09-08 00:00:00'),(44,77526,'2009-09-08',0,NULL,0,NULL,0,NULL,0,NULL,0,NULL,NULL,0,NULL,NULL,0,NULL,1,'2009-09-08 00:00:00',2,'2015-02-26 22:00:55',2,NULL,NULL,NULL,'2009-09-08 00:00:00');
UNLOCK TABLES;

LOCK TABLES `CLIENT_HEALTH_INSURANCE` WRITE;
INSERT INTO `CLIENT_HEALTH_INSURANCE` VALUES (1,30486,1,1,'2010-01-29 00:00:00',1,1,NULL,NULL,0,NULL,NULL,0,NULL,NULL,0,NULL,NULL,0,NULL,NULL,0,NULL,NULL,0,NULL,NULL,0,NULL,NULL,'2010-01-29 00:00:00',2,'2015-02-26 22:01:46',2,2,NULL,NULL,1),(2,30486,2,1,'2010-02-17 00:00:00',1,1,NULL,NULL,0,NULL,NULL,0,NULL,NULL,0,NULL,NULL,0,NULL,NULL,0,NULL,NULL,0,NULL,NULL,0,NULL,NULL,'2010-02-17 00:00:00',2,'2015-02-26 22:01:46',2,10,NULL,NULL,1),(3,30486,3,1,'2010-02-17 00:00:00',1,1,NULL,NULL,0,NULL,NULL,0,NULL,NULL,0,NULL,NULL,0,NULL,NULL,0,NULL,NULL,0,NULL,NULL,0,NULL,NULL,'2010-02-17 00:00:00',2,'2015-02-26 22:01:46',2,11,NULL,NULL,1),(4,30486,1,2,'2010-07-01 00:00:00',1,1,NULL,NULL,0,NULL,NULL,0,NULL,NULL,0,NULL,NULL,0,NULL,NULL,0,NULL,NULL,0,NULL,NULL,0,NULL,NULL,'2010-07-01 00:00:00',2,'2015-02-26 22:01:46',2,16,NULL,NULL,1),(5,61985,1,5,'2009-03-31 00:00:00',1,1,NULL,NULL,0,NULL,NULL,0,NULL,NULL,0,NULL,NULL,0,NULL,NULL,0,NULL,NULL,0,NULL,NULL,0,NULL,NULL,'2009-03-31 00:00:00',2,'2015-02-26 22:01:46',2,3,NULL,NULL,1),(6,61985,3,5,'2010-01-02 00:00:00',1,1,NULL,NULL,0,NULL,NULL,0,NULL,NULL,0,NULL,NULL,0,NULL,NULL,0,NULL,NULL,0,NULL,NULL,0,NULL,NULL,'2010-01-02 00:00:00',2,'2015-02-26 22:01:46',2,1,NULL,NULL,1),(7,64036,1,9,'2009-10-08 00:00:00',1,1,NULL,NULL,0,NULL,NULL,0,NULL,NULL,0,NULL,NULL,0,NULL,NULL,0,NULL,NULL,0,NULL,NULL,0,NULL,NULL,'2009-10-08 00:00:00',2,'2015-02-26 22:01:46',2,6,NULL,NULL,1),(8,64036,2,9,'2009-11-02 00:00:00',1,1,NULL,NULL,0,NULL,NULL,0,NULL,NULL,0,NULL,NULL,0,NULL,NULL,0,NULL,NULL,0,NULL,NULL,0,NULL,NULL,'2009-11-02 00:00:00',2,'2015-02-26 22:01:46',2,8,NULL,NULL,1),(9,77525,2,16,'2009-09-28 00:00:00',1,1,NULL,NULL,0,NULL,NULL,0,NULL,NULL,0,NULL,NULL,0,NULL,NULL,0,NULL,NULL,0,NULL,NULL,0,NULL,NULL,'2009-09-28 00:00:00',2,'2015-02-26 22:01:46',2,5,NULL,NULL,1),(10,84421,2,18,'2010-02-24 00:00:00',1,1,NULL,NULL,0,NULL,NULL,0,NULL,NULL,0,NULL,NULL,0,NULL,NULL,0,NULL,NULL,0,NULL,NULL,0,NULL,NULL,'2010-02-24 00:00:00',2,'2015-02-26 22:01:46',2,13,NULL,NULL,1),(11,84421,3,18,'2010-03-04 00:00:00',1,1,NULL,NULL,0,NULL,NULL,0,NULL,NULL,0,NULL,NULL,0,NULL,NULL,0,NULL,NULL,0,NULL,NULL,0,NULL,NULL,'2010-03-04 00:00:00',2,'2015-02-26 22:01:46',2,14,NULL,NULL,1),(12,86712,1,24,'2010-06-01 00:00:00',1,1,NULL,NULL,0,NULL,NULL,0,NULL,NULL,0,NULL,NULL,0,NULL,NULL,0,NULL,NULL,0,NULL,NULL,0,NULL,NULL,'2010-06-01 00:00:00',2,'2015-02-26 22:01:46',2,19,NULL,NULL,1),(13,86712,3,24,'2010-10-31 00:00:00',1,1,NULL,NULL,0,NULL,NULL,0,NULL,NULL,0,NULL,NULL,0,NULL,NULL,0,NULL,NULL,0,NULL,NULL,0,NULL,NULL,'2010-10-31 00:00:00',2,'2015-02-26 22:01:46',2,20,NULL,NULL,1);
UNLOCK TABLES;

LOCK TABLES `CLIENT_HOUSEHOLD` WRITE;
INSERT INTO `CLIENT_HOUSEHOLD` VALUES (1,361813,30486,0,NULL,'2010-01-29 00:00:00','2010-07-01 00:00:00',1,'2010-01-29 00:00:00',2,'2015-02-26 22:02:47',2),(2,366402,30486,1,NULL,'2010-07-01 00:00:00',NULL,1,'2010-07-01 00:00:00',2,'2015-02-26 22:02:47',2),(3,355813,33636,1,NULL,'2009-10-28 00:00:00',NULL,1,'2009-10-28 00:00:00',2,'2015-02-26 22:02:47',2),(4,356629,39976,1,NULL,'2009-11-06 00:00:00',NULL,1,'2009-11-06 00:00:00',2,'2015-02-26 22:02:47',2),(5,360137,61985,1,NULL,'2009-03-31 00:00:00',NULL,1,'2009-03-31 00:00:00',2,'2015-02-26 22:02:47',2),(6,360137,62008,1,NULL,'2009-03-31 00:00:00',NULL,1,'2009-03-31 00:00:00',2,'2015-02-26 22:02:47',2),(7,360137,62009,1,NULL,'2009-03-31 00:00:00',NULL,1,'2009-03-31 00:00:00',2,'2015-02-26 22:02:47',2),(8,360137,62011,1,NULL,'2009-03-31 00:00:00',NULL,1,'2009-03-31 00:00:00',2,'2015-02-26 22:02:47',2),(9,354583,64036,1,NULL,'2009-10-08 00:00:00',NULL,1,'2009-10-08 00:00:00',2,'2015-02-26 22:02:47',2),(10,354583,64037,1,NULL,'2009-10-08 00:00:00',NULL,1,'2009-10-08 00:00:00',2,'2015-02-26 22:02:47',2),(11,340247,69239,1,NULL,'2008-11-18 00:00:00',NULL,1,'2008-11-18 00:00:00',2,'2015-02-26 22:02:47',2),(12,361813,70999,0,NULL,'2010-01-29 00:00:00','2010-10-01 00:00:00',1,'2010-01-29 00:00:00',2,'2015-02-26 22:02:47',2),(13,366403,70999,1,NULL,'2010-10-01 00:00:00',NULL,1,'2010-10-01 00:00:00',2,'2015-02-26 22:02:47',2),(14,361813,71000,1,NULL,'2010-01-29 00:00:00',NULL,1,'2010-01-29 00:00:00',2,'2015-02-26 22:02:47',2),(15,359385,75268,1,NULL,'2009-12-21 00:00:00',NULL,1,'2009-12-21 00:00:00',2,'2015-02-26 22:02:47',2),(16,352913,77525,1,NULL,'2009-09-08 00:00:00',NULL,1,'2009-09-08 00:00:00',2,'2015-02-26 22:02:47',2),(17,352913,77526,1,NULL,'2009-09-08 00:00:00',NULL,1,'2009-09-08 00:00:00',2,'2015-02-26 22:02:47',2),(18,362895,84421,1,NULL,'2010-02-19 00:00:00',NULL,1,'2010-02-19 00:00:00',2,'2015-02-26 22:02:47',2),(19,362895,84422,0,NULL,'2010-02-19 00:00:00','2010-09-01 00:00:00',1,'2010-02-19 00:00:00',2,'2015-02-26 22:02:47',2),(20,366401,84422,1,NULL,'2010-09-01 00:00:00',NULL,1,'2010-09-01 00:00:00',2,'2015-02-26 22:02:47',2),(21,362895,84423,1,NULL,'2010-02-19 00:00:00',NULL,1,'2010-02-19 00:00:00',2,'2015-02-26 22:02:47',2),(22,356629,86711,0,NULL,'2010-01-13 00:00:00','2010-07-01 00:00:00',1,'2010-01-13 00:00:00',2,'2015-02-26 22:02:47',2),(23,366402,86711,1,NULL,'2010-07-01 00:00:00',NULL,1,'2010-07-01 00:00:00',2,'2015-02-26 22:02:47',2),(24,366400,86712,1,NULL,'2010-06-01 00:00:00',NULL,1,'2010-06-01 00:00:00',2,'2015-02-26 22:02:47',2);
UNLOCK TABLES;

LOCK TABLES `CLIENT_NONCASH_BENEFITS` WRITE;
INSERT INTO `CLIENT_NONCASH_BENEFITS` VALUES (1,61985,'2010-01-02',1,1,1,1,1,1,0,0,0,1,'2010-01-02 00:00:00',2,'2015-02-26 22:03:02',2),(2,30486,'2010-01-29',1,1,0,0,0,0,0,0,0,1,'2010-01-29 00:00:00',2,'2015-02-26 22:03:02',2),(3,61985,'2009-03-31',1,1,0,0,0,0,0,0,0,1,'2009-03-31 00:00:00',2,'2015-02-26 22:03:02',2),(4,69239,'2009-05-01',1,1,0,0,0,0,0,0,0,1,'2009-05-01 00:00:00',2,'2015-02-26 22:03:02',2),(5,77525,'2009-09-28',1,1,0,0,0,0,0,0,0,1,'2009-09-28 00:00:00',2,'2015-02-26 22:03:02',2),(6,64036,'2009-10-08',1,1,0,0,0,0,0,0,0,1,'2009-10-08 00:00:00',2,'2015-02-26 22:03:02',2),(7,33636,'2009-10-28',1,1,0,0,0,0,0,0,0,1,'2009-10-28 00:00:00',2,'2015-02-26 22:03:02',2),(8,64036,'2009-11-02',1,1,0,0,0,0,0,0,0,1,'2009-11-02 00:00:00',2,'2015-02-26 22:03:02',2),(9,39976,'2009-11-06',1,1,0,0,0,0,0,0,0,1,'2009-11-06 00:00:00',2,'2015-02-26 22:03:02',2),(10,30486,'2010-02-17',1,1,0,0,0,0,0,0,0,1,'2010-02-17 00:00:00',2,'2015-02-26 22:03:02',2),(11,30486,'2010-02-17',1,1,0,0,0,0,0,0,0,1,'2010-02-17 00:00:00',2,'2015-02-26 22:03:02',2),(12,84421,'2010-02-19',1,1,0,0,0,0,0,0,0,1,'2010-02-19 00:00:00',2,'2015-02-26 22:03:02',2),(13,84421,'2010-02-24',1,1,0,0,0,0,0,0,0,1,'2010-02-24 00:00:00',2,'2015-02-26 22:03:02',2),(14,84421,'2010-03-04',1,1,0,0,0,0,0,0,0,1,'2010-03-04 00:00:00',2,'2015-02-26 22:03:02',2),(15,69239,'2010-03-15',1,1,0,0,0,0,0,0,0,1,'2010-03-15 00:00:00',2,'2015-02-26 22:03:02',2),(16,30486,'2010-07-01',1,1,0,0,0,0,0,0,0,1,'2010-07-01 00:00:00',2,'2015-02-26 22:03:02',2),(17,33636,'2010-03-18',1,1,0,0,0,0,0,0,0,1,'2010-03-18 00:00:00',2,'2015-02-26 22:03:02',2),(18,75268,'2010-12-20',1,0,0,0,0,0,0,0,1,1,'2010-12-20 00:00:00',2,'2015-02-26 22:03:02',2),(19,86712,'2010-06-01',1,1,0,0,0,0,0,0,0,1,'2010-06-01 00:00:00',2,'2015-02-26 22:03:02',2),(20,86712,'2010-10-31',1,1,0,0,0,0,0,0,0,1,'2010-10-31 00:00:00',2,'2015-02-26 22:03:02',2);
UNLOCK TABLES;

LOCK TABLES `CLIENT_STATUS` WRITE;
INSERT INTO `CLIENT_STATUS` VALUES (1,86711,'2010-01-13',356629,3,NULL,NULL,NULL,NULL,NULL,NULL,NULL,99,0,NULL,NULL,NULL,NULL,1,'2010-01-13 00:00:00',2,'2015-02-26 22:04:01',2,NULL,NULL,NULL,NULL,NULL,NULL,NULL,NULL,NULL),(2,61985,'2010-01-02',360137,1,NULL,NULL,NULL,NULL,NULL,NULL,NULL,2,0,NULL,NULL,NULL,NULL,1,'2010-01-02 00:00:00',2,'2015-02-26 22:04:01',2,NULL,NULL,NULL,NULL,NULL,NULL,NULL,NULL,NULL),(3,62008,'2010-01-02',360137,2,NULL,NULL,NULL,NULL,NULL,NULL,NULL,4,0,NULL,NULL,NULL,NULL,1,'2010-01-02 00:00:00',2,'2015-02-26 22:04:01',2,NULL,NULL,NULL,NULL,NULL,NULL,NULL,NULL,NULL),(4,62009,'2010-01-02',360137,2,NULL,NULL,NULL,NULL,NULL,NULL,NULL,4,0,NULL,NULL,NULL,NULL,1,'2010-01-02 00:00:00',2,'2015-02-26 22:04:01',2,NULL,NULL,NULL,NULL,NULL,NULL,NULL,NULL,NULL),(5,62011,'2010-01-02',360137,2,NULL,NULL,NULL,NULL,NULL,NULL,NULL,4,0,NULL,NULL,NULL,NULL,1,'2010-01-02 00:00:00',2,'2015-02-26 22:04:01',2,NULL,NULL,NULL,NULL,NULL,NULL,NULL,NULL,NULL),(6,30486,'2010-01-29',361813,1,NULL,NULL,NULL,NULL,NULL,NULL,NULL,5,0,NULL,NULL,NULL,NULL,1,'2010-01-29 00:00:00',2,'2015-02-26 22:04:01',2,NULL,NULL,NULL,NULL,NULL,NULL,NULL,NULL,NULL),(7,70999,'2010-01-29',361813,4,NULL,NULL,NULL,NULL,NULL,NULL,NULL,1,0,NULL,NULL,NULL,NULL,1,'2010-01-29 00:00:00',2,'2015-02-26 22:04:01',2,NULL,NULL,NULL,NULL,NULL,NULL,NULL,NULL,NULL),(8,71000,'2010-01-29',361813,2,NULL,NULL,NULL,NULL,NULL,NULL,NULL,1,0,NULL,NULL,NULL,NULL,1,'2010-01-29 00:00:00',2,'2015-02-26 22:04:01',2,NULL,NULL,NULL,NULL,NULL,NULL,NULL,NULL,NULL),(9,70999,'2010-10-01',366403,1,NULL,NULL,NULL,NULL,NULL,NULL,NULL,1,0,NULL,NULL,NULL,NULL,1,'2010-10-01 00:00:00',2,'2015-02-26 22:04:01',2,NULL,NULL,NULL,NULL,NULL,NULL,NULL,NULL,NULL),(10,33636,'2009-10-28',358813,1,NULL,NULL,NULL,NULL,NULL,NULL,NULL,4,0,NULL,NULL,NULL,NULL,1,'2009-10-28 00:00:00',2,'2015-02-26 22:04:01',2,NULL,NULL,NULL,NULL,NULL,NULL,NULL,NULL,NULL),(11,86712,'2010-10-31',366400,1,NULL,NULL,NULL,NULL,NULL,NULL,NULL,99,0,NULL,NULL,NULL,NULL,1,'2010-10-31 00:00:00',2,'2015-02-26 22:04:01',2,NULL,NULL,NULL,NULL,NULL,NULL,NULL,NULL,NULL),(12,64036,'2009-10-08',354583,1,NULL,NULL,NULL,NULL,NULL,NULL,NULL,1,0,NULL,NULL,NULL,NULL,1,'2009-10-08 00:00:00',2,'2015-02-26 22:04:01',2,NULL,NULL,NULL,NULL,NULL,NULL,NULL,NULL,NULL),(13,64037,'2009-10-08',354583,4,NULL,NULL,NULL,NULL,NULL,NULL,NULL,1,0,NULL,NULL,NULL,NULL,1,'2009-10-08 00:00:00',2,'2015-02-26 22:04:01',2,NULL,NULL,NULL,NULL,NULL,NULL,NULL,NULL,NULL),(14,69239,'2008-11-18',340247,1,NULL,NULL,NULL,NULL,NULL,NULL,NULL,4,0,NULL,NULL,NULL,NULL,1,'2008-11-18 00:00:00',2,'2015-02-26 22:04:01',2,NULL,NULL,NULL,NULL,NULL,NULL,NULL,NULL,NULL),(15,64036,'2009-11-02',354583,1,NULL,NULL,NULL,NULL,NULL,NULL,NULL,99,NULL,NULL,NULL,NULL,NULL,1,'2009-11-02 00:00:00',2,'2015-02-26 22:04:01',2,NULL,NULL,NULL,NULL,NULL,NULL,NULL,NULL,NULL),(16,39976,'2009-11-06',356629,1,NULL,NULL,NULL,NULL,NULL,NULL,NULL,4,0,NULL,NULL,NULL,NULL,1,'2009-11-06 00:00:00',2,'2015-02-26 22:04:01',2,NULL,NULL,NULL,NULL,NULL,NULL,NULL,NULL,NULL),(17,75268,'2010-10-20',359385,1,NULL,NULL,NULL,NULL,NULL,NULL,NULL,99,NULL,NULL,NULL,NULL,NULL,1,'2010-10-20 00:00:00',2,'2015-02-26 22:04:01',2,NULL,NULL,NULL,NULL,NULL,NULL,NULL,NULL,NULL),(18,75268,'2009-12-21',359385,1,NULL,NULL,NULL,NULL,NULL,NULL,NULL,4,0,NULL,NULL,NULL,NULL,1,'2009-12-21 00:00:00',2,'2015-02-26 22:04:01',2,NULL,NULL,NULL,NULL,NULL,NULL,NULL,NULL,NULL),(19,30486,'2010-02-17',361813,1,NULL,NULL,NULL,NULL,NULL,NULL,NULL,99,NULL,NULL,NULL,NULL,NULL,1,'2010-02-17 00:00:00',2,'2015-02-26 22:04:01',2,NULL,NULL,NULL,NULL,NULL,NULL,NULL,NULL,NULL),(20,30486,'2010-02-17',361813,1,NULL,NULL,NULL,NULL,NULL,NULL,NULL,5,0,NULL,NULL,NULL,NULL,1,'2010-02-17 00:00:00',2,'2015-02-26 22:04:01',2,NULL,NULL,NULL,NULL,NULL,NULL,NULL,NULL,NULL),(21,70999,'2010-02-17',361813,4,NULL,NULL,NULL,NULL,NULL,NULL,NULL,1,NULL,NULL,NULL,NULL,NULL,1,'2010-02-17 00:00:00',2,'2015-02-26 22:04:01',2,NULL,NULL,NULL,NULL,NULL,NULL,NULL,NULL,NULL),(22,71000,'2010-02-17',361813,2,NULL,NULL,NULL,NULL,NULL,NULL,NULL,1,0,NULL,NULL,NULL,NULL,1,'2010-02-17 00:00:00',2,'2015-02-26 22:04:01',2,NULL,NULL,NULL,NULL,NULL,NULL,NULL,NULL,NULL),(23,84421,'2010-02-19',362895,1,NULL,NULL,NULL,NULL,NULL,NULL,NULL,1,1,'2010-05-14',NULL,NULL,NULL,1,'2010-02-19 00:00:00',2,'2015-02-26 22:04:01',2,NULL,NULL,NULL,NULL,NULL,NULL,NULL,NULL,NULL),(24,84422,'2010-02-19',362895,3,NULL,NULL,NULL,NULL,NULL,NULL,NULL,1,0,NULL,NULL,NULL,NULL,1,'2010-02-19 00:00:00',2,'2015-02-26 22:04:01',2,NULL,NULL,NULL,NULL,NULL,NULL,NULL,NULL,NULL),(25,84423,'2010-02-19',362895,2,NULL,NULL,NULL,NULL,NULL,NULL,NULL,1,0,NULL,NULL,NULL,NULL,1,'2010-02-19 00:00:00',2,'2015-02-26 22:04:01',2,NULL,NULL,NULL,NULL,NULL,NULL,NULL,NULL,NULL),(26,84421,'2010-02-24',362895,1,NULL,NULL,NULL,NULL,NULL,NULL,NULL,99,NULL,NULL,NULL,NULL,NULL,1,'2010-02-24 00:00:00',2,'2015-02-26 22:04:01',2,NULL,NULL,NULL,NULL,NULL,NULL,NULL,NULL,NULL),(27,69239,'2010-03-15',340247,1,NULL,NULL,NULL,NULL,NULL,NULL,NULL,99,NULL,NULL,NULL,NULL,NULL,1,'2010-03-15 00:00:00',2,'2015-02-26 22:04:01',2,NULL,NULL,NULL,NULL,NULL,NULL,NULL,NULL,NULL),(28,33636,'2010-03-18',355813,1,NULL,NULL,NULL,NULL,NULL,NULL,NULL,99,NULL,NULL,NULL,NULL,NULL,1,'2010-03-18 00:00:00',2,'2015-02-26 22:04:01',2,NULL,NULL,NULL,NULL,NULL,NULL,NULL,NULL,NULL),(29,61985,'2009-03-31',360137,1,NULL,NULL,NULL,NULL,NULL,NULL,NULL,2,0,NULL,NULL,NULL,NULL,1,'2009-03-31 00:00:00',2,'2015-02-26 22:04:01',2,NULL,NULL,NULL,NULL,NULL,NULL,NULL,NULL,NULL),(30,62008,'2009-03-31',360137,2,NULL,NULL,NULL,NULL,NULL,NULL,NULL,4,0,NULL,NULL,NULL,NULL,1,'2009-03-31 00:00:00',2,'2015-02-26 22:04:01',2,NULL,NULL,NULL,NULL,NULL,NULL,NULL,NULL,NULL),(31,62009,'2009-03-31',360137,2,NULL,NULL,NULL,NULL,NULL,NULL,NULL,4,0,NULL,NULL,NULL,NULL,1,'2009-03-31 00:00:00',2,'2015-02-26 22:04:01',2,NULL,NULL,NULL,NULL,NULL,NULL,NULL,NULL,NULL),(32,62011,'2009-03-31',360137,2,NULL,NULL,NULL,NULL,NULL,NULL,NULL,4,0,NULL,NULL,NULL,NULL,1,'2009-03-31 00:00:00',2,'2015-02-26 22:04:01',2,NULL,NULL,NULL,NULL,NULL,NULL,NULL,NULL,NULL),(33,84421,'0410-03-03',362895,1,NULL,NULL,NULL,NULL,NULL,NULL,NULL,3,1,'2010-05-14',NULL,NULL,NULL,1,'2010-03-04 00:00:00',2,'2015-02-26 22:04:01',2,NULL,NULL,NULL,NULL,NULL,NULL,NULL,NULL,NULL),(34,84422,'2010-03-04',362895,3,NULL,NULL,NULL,NULL,NULL,NULL,NULL,4,0,NULL,NULL,NULL,NULL,1,'2010-03-04 00:00:00',2,'2015-02-26 22:04:01',2,NULL,NULL,NULL,NULL,NULL,NULL,NULL,NULL,NULL),(35,84423,'2010-03-04',362895,2,NULL,NULL,NULL,NULL,NULL,NULL,NULL,2,0,NULL,NULL,NULL,NULL,1,'2010-03-04 00:00:00',2,'2015-02-26 22:04:01',2,NULL,NULL,NULL,NULL,NULL,NULL,NULL,NULL,NULL),(36,69239,'2009-05-01',340247,1,NULL,NULL,NULL,NULL,NULL,NULL,NULL,99,NULL,NULL,NULL,NULL,NULL,1,'2009-05-01 00:00:00',2,'2015-02-26 22:04:01',2,NULL,NULL,NULL,NULL,NULL,NULL,NULL,NULL,NULL),(37,86711,'2010-06-01',356629,3,NULL,NULL,NULL,NULL,NULL,NULL,NULL,99,0,NULL,NULL,NULL,NULL,1,'2010-06-01 00:00:00',2,'2015-02-26 22:04:01',2,NULL,NULL,NULL,NULL,NULL,NULL,NULL,NULL,NULL),(38,86712,'2010-06-01',366400,1,NULL,NULL,NULL,NULL,NULL,NULL,NULL,99,0,NULL,NULL,NULL,NULL,1,'2010-06-01 00:00:00',2,'2015-02-26 22:04:01',2,NULL,NULL,NULL,NULL,NULL,NULL,NULL,NULL,NULL),(39,30486,'2010-07-01',366402,5,NULL,NULL,NULL,NULL,NULL,NULL,NULL,5,0,NULL,NULL,NULL,NULL,1,'2010-07-01 00:00:00',2,'2015-02-26 22:04:01',2,NULL,NULL,NULL,NULL,NULL,NULL,NULL,NULL,NULL),(40,86711,'2010-07-01',366402,1,NULL,NULL,NULL,NULL,NULL,NULL,NULL,99,0,NULL,NULL,NULL,NULL,1,'2010-07-01 00:00:00',2,'2015-02-26 22:04:01',2,NULL,NULL,NULL,NULL,NULL,NULL,NULL,NULL,NULL),(41,84422,'2010-09-01',366401,1,NULL,NULL,NULL,NULL,NULL,NULL,NULL,4,0,NULL,NULL,NULL,NULL,1,'2010-09-01 00:00:00',2,'2015-02-26 22:04:01',2,NULL,NULL,NULL,NULL,NULL,NULL,NULL,NULL,NULL),(42,77525,'2009-09-28',352913,1,NULL,NULL,NULL,NULL,NULL,NULL,NULL,99,NULL,NULL,NULL,NULL,NULL,1,'2009-09-28 00:00:00',2,'2015-02-26 22:04:01',2,NULL,NULL,NULL,NULL,NULL,NULL,NULL,NULL,NULL),(43,77525,'2009-09-08',352913,1,NULL,NULL,NULL,NULL,NULL,NULL,NULL,2,0,NULL,NULL,NULL,NULL,1,'2009-09-08 00:00:00',2,'2015-02-26 22:04:01',2,NULL,NULL,NULL,NULL,NULL,NULL,NULL,NULL,NULL),(44,77526,'2009-09-08',352913,2,NULL,NULL,NULL,NULL,NULL,NULL,NULL,1,0,NULL,NULL,NULL,NULL,1,'2009-09-08 00:00:00',2,'2015-02-26 22:04:01',2,NULL,NULL,NULL,NULL,NULL,NULL,NULL,NULL,NULL);
UNLOCK TABLES;

LOCK TABLES `CODE_COLLECT_STAGE` WRITE;
INSERT INTO `CODE_COLLECT_STAGE` VALUES (1,'At Project Entry','At Entry',NULL,1,'2015-03-04 22:40:27',2),(2,'During Project Enrollment','During Enrollment',NULL,1,'2015-03-04 22:40:28',2),(3,'At Project Exit','At Exit',NULL,1,'2015-03-04 22:40:28',2),(4,'RETIRED','After Exit',NULL,0,'2015-03-04 22:41:01',2),(5,'Annual Assessment','Annual',NULL,1,'2015-02-04 22:00:31',2);
UNLOCK TABLES;

LOCK TABLES `CODE_DOB_TYPE` WRITE;
INSERT INTO `CODE_DOB_TYPE` VALUES (1,'Full DOB reported','Full DOB',NULL,1,'2015-02-26 22:05:12',2),(2,'Approximate or partial DOB reported','Approx/Partial',NULL,1,'2015-02-26 22:05:12',2),(8,'Client doesn\'t know','Doesn\'t Know',NULL,1,'2015-02-26 22:05:12',2),(9,'Client refused','Refused',NULL,1,'2015-02-26 22:05:12',2),(99,'Data not collected','Missing',NULL,1,'2015-02-26 22:05:12',2);
UNLOCK TABLES;

LOCK TABLES `CODE_ETHNICITY` WRITE;
INSERT INTO `CODE_ETHNICITY` VALUES (0,'Non-Hispanic/Non-Latino',NULL,1,NULL,'2015-02-26 22:05:37',2),(1,'Hispanic/Latino',NULL,1,NULL,'2015-02-26 22:05:37',2),(8,'Client doesn\'t know',NULL,1,NULL,'2015-02-26 22:05:37',2),(9,'Client refused',NULL,1,NULL,'2015-02-26 22:05:37',2),(99,'Data not collected',NULL,1,NULL,'2015-02-26 22:05:37',2);
UNLOCK TABLES;

LOCK TABLES `CODE_GENDER` WRITE;
INSERT INTO `CODE_GENDER` VALUES (0,'Female','Female',NULL,1,'2015-02-26 22:05:49',2),(1,'Male','Male',NULL,1,'2015-02-26 22:05:49',2),(2,'Transgender male to female','Trans. M/F',NULL,1,'2015-02-26 22:05:49',2),(3,'Transgender female to male','Trans. F/M',NULL,1,'2015-02-26 22:05:49',2),(4,'Other','Other',NULL,1,'2015-02-26 22:05:49',2),(8,'Client doesn’t know','Don\'t know',NULL,1,'2015-02-26 22:05:49',2),(9,'Client refused','Refused',NULL,1,'2015-02-26 22:05:49',2),(99,'Data not collected','Missing',NULL,1,'2015-02-26 22:05:49',2);
UNLOCK TABLES;

LOCK TABLES `CODE_GENERAL` WRITE;
INSERT INTO `CODE_GENERAL` VALUES (0,'No','No',1,NULL,'2015-02-26 22:06:00',2),(1,'Yes','Yes',1,NULL,'2015-02-26 22:06:00',2),(8,'Client doesn\'t know','Don\'t Know',1,NULL,'2015-02-26 22:06:00',2),(9,'Client refused','Refused',1,NULL,'2015-02-26 22:06:00',2),(99,'Data not collected','Missing',1,NULL,'2015-02-26 22:06:00',2);
UNLOCK TABLES;

LOCK TABLES `CODE_HEALTH_INS_REASON` WRITE;
INSERT INTO `CODE_HEALTH_INS_REASON` VALUES (1,'Applied; decision pending',NULL,1,NULL,'2015-02-26 22:06:13',2),(2,'Applied; client not eligible',NULL,1,NULL,'2015-02-26 22:06:13',2),(3,'Client did not apply',NULL,1,NULL,'2015-02-26 22:06:13',2),(4,'Insurance type N/A for this client',NULL,1,NULL,'2015-02-26 22:06:13',2),(8,'Client doesn\'t know',NULL,1,NULL,'2015-02-26 22:06:13',2),(9,'Client refused',NULL,1,NULL,'2015-02-26 22:06:13',2),(99,'Data not collected',NULL,1,NULL,'2015-02-26 22:06:13',2);
UNLOCK TABLES;

LOCK TABLES `CODE_HEALTH_STATUS` WRITE;
INSERT INTO `CODE_HEALTH_STATUS` VALUES (1,'Excellent','',1,NULL,'2014-10-29 14:30:01',2),(2,'Very good','',1,NULL,'2014-10-29 14:30:15',2),(3,'Good','',1,NULL,'2014-10-29 14:30:36',2),(4,'Fair','',1,NULL,'2014-10-29 14:30:51',2),(5,'Poor','',1,NULL,'2014-10-29 14:31:13',2),(8,'Client doesn\'t  know','',1,NULL,'2014-10-29 14:31:34',2),(9,'Client refused','',1,NULL,'2015-03-04 22:53:39',2),(99,'Data not collected','',1,NULL,'2014-10-29 14:29:44',2);
UNLOCK TABLES;

LOCK TABLES `CODE_LENGTH_OF_STAY` WRITE;
INSERT INTO `CODE_LENGTH_OF_STAY` VALUES (1,'One week or less',NULL,'Replaced by 10, 11',0,NULL,'2015-03-05 15:33:44',2),(2,'More than one week but less than one month',NULL,NULL,1,30,'2015-03-05 15:24:03',2),(3,'One to three months',NULL,NULL,1,40,'2015-03-05 15:24:03',2),(4,'More than three months but less than one year',NULL,NULL,1,50,'2015-03-05 15:24:04',2),(5,'One year or longer',NULL,NULL,1,60,'2015-03-05 15:24:04',2),(8,'Client doesn\'t know',NULL,NULL,1,70,'2015-03-05 15:24:04',2),(9,'Client refused',NULL,NULL,1,80,'2015-03-05 15:24:04',2),(10,'One day or less',NULL,NULL,1,10,'2015-03-05 15:24:04',2),(11,'Two days to one week',NULL,NULL,1,20,'2015-03-05 15:24:04',2),(99,'Data not collected',NULL,NULL,1,90,'2015-03-05 15:24:04',2);
UNLOCK TABLES;

LOCK TABLES `CODE_MILITARY_BRANCH` WRITE;
INSERT INTO `CODE_MILITARY_BRANCH` VALUES (1,'Army',NULL,NULL,1,'2015-02-26 22:06:37',2),(2,'Air Force',NULL,NULL,1,'2015-02-26 22:06:37',2),(3,'Navy',NULL,NULL,1,'2015-02-26 22:06:37',2),(4,'Marines',NULL,NULL,1,'2015-02-26 22:06:37',2),(5,'Other',NULL,'Deactivated in 2014 Std',0,'2015-02-26 22:06:37',2),(6,'Coast Guard',NULL,'Added in 2014 Std',1,'2015-02-26 22:06:37',2),(8,'Client doesn\'t know',NULL,NULL,1,'2015-02-26 22:06:37',2),(9,'Client refused',NULL,NULL,1,'2015-02-26 22:06:37',2),(99,'Data not collected',NULL,NULL,1,'2015-02-26 22:06:37',2);
UNLOCK TABLES;

LOCK TABLES `CODE_MILITARY_DISCHARGE` WRITE;
INSERT INTO `CODE_MILITARY_DISCHARGE` VALUES (1,'Honorable','Honorable',NULL,1,'2015-02-26 22:07:01',2),(2,'General under honorable conditions','General',NULL,1,'2015-02-26 22:07:01',2),(3,'Medical','Medical','Retired in 2014 Std. ',0,'2015-02-26 22:07:01',2),(4,'Bad conduct','Bad conduct',NULL,1,'2015-02-26 22:07:01',2),(5,'Dishonorable','Dishonorable',NULL,1,'2015-02-26 22:07:01',2),(6,'Under other than honorable conditions (OTH)','Other',NULL,1,'2015-02-26 22:07:01',2),(7,'Uncharacterized','Uncharacterized',NULL,1,'2015-02-26 22:07:01',2),(8,'Client doesn’t know','DK',NULL,1,'2015-02-26 22:07:01',2),(9,'Client refused','Refused',NULL,1,'2015-02-26 22:07:01',2),(99,'Data not collected','Missing',NULL,1,'2015-02-26 22:07:01',2);
UNLOCK TABLES;

LOCK TABLES `CODE_NAME_TYPE` WRITE;
INSERT INTO `CODE_NAME_TYPE` VALUES (1,'Full name reported','Full',NULL,1,'2015-02-27 16:06:37',2),(2,'Partial, street name, or code name reported','Partial/Street/Code',NULL,1,'2015-02-27 16:06:53',2),(8,'Client doesn\'t know','Doesn\'t know',NULL,1,'2015-02-27 16:07:03',2),(9,'Client refused','Refused',NULL,1,'2015-02-27 16:07:09',2),(99,'Data not collected','Missing',NULL,1,'2015-02-27 16:07:16',2);
UNLOCK TABLES;

LOCK TABLES `CODE_PROJECT_TYPE` WRITE;
INSERT INTO `CODE_PROJECT_TYPE` VALUES (1,'Emergency Shelter','ES','Y',NULL,1,'2015-03-04 22:35:22',2),(2,'Transitional housing','TH','Y',NULL,1,'2015-03-04 22:35:22',2),(3,'PSH - Permanent Supportive Housing (disability required for entry)','PSH','Y',NULL,1,'2015-03-04 22:35:22',2),(4,'Street Outreach','Street Outreach','N',NULL,1,'2015-03-04 22:35:22',2),(5,'RETIRED','HPRP','',NULL,0,'2015-03-04 22:37:37',2),(6,'Services Only','Services Only','N',NULL,1,'2015-03-04 22:35:22',2),(7,'Other','Other','N',NULL,1,'2015-03-04 22:35:22',2),(8,'Safe Haven','Safe Haven','Y',NULL,1,'2015-03-04 22:35:22',2),(9,'PH - Permanent Housing Only','PH Only','Y',NULL,1,'2015-03-04 22:35:22',2),(10,'PSH - Housing with Services (no disability required for entry)','PSH (No Disability)','Y',NULL,1,'2015-03-04 22:35:22',2),(11,'Day Shelter','Day Shelter','N',NULL,1,'2015-03-04 22:35:22',2),(12,'Homelessness Prevention','Prevention','N',NULL,1,'2015-03-04 22:35:22',2),(13,'PH - Rapid Re-Housing','RapidReHousing','Y',NULL,1,'2015-03-04 22:35:22',2),(14,'Coordinated Assessment','Coord. Assess.','N',NULL,1,'2015-03-04 22:35:22',2);
UNLOCK TABLES;

LOCK TABLES `CODE_RACE` WRITE;
INSERT INTO `CODE_RACE` VALUES (1,'American Indian or Alaska Native','AmerIndian/Alaskan',NULL,1,'2015-02-26 22:07:18',2),(2,'Asian','Asian',NULL,1,'2015-02-26 22:07:18',2),(3,'Black or African American','African Amer',NULL,1,'2015-02-26 22:07:18',2),(4,'Native Hawaiian or Other Pacific Islander','Pacific Islander',NULL,1,'2015-02-26 22:07:18',2),(5,'White','White',NULL,1,'2015-02-26 22:07:18',2),(8,'Client doesn\'t know','Client doesn\'t know',NULL,1,'2015-02-26 22:07:18',2),(9,'Client refused','Client refused',NULL,1,'2015-02-26 22:07:18',2),(99,'Data not collected','Data not collected',NULL,1,'2015-02-26 22:07:18',2);
UNLOCK TABLES;

LOCK TABLES `CODE_RESIDENCE` WRITE;
INSERT INTO `CODE_RESIDENCE` VALUES (1,'Emergency shelter, including hotel or motel paid for with E.S. voucher',NULL,NULL,1,'2015-02-27 18:24:19',2,10),(2,'Transitional housing for homeless persons (including homeless youth)',NULL,NULL,1,'2015-02-27 18:24:19',2,200),(3,'Permanent supportive housing for formerly homeless persons',NULL,NULL,1,'2015-02-27 18:31:55',2,90),(4,'Psychiatric hospital or other psychiatric facility',NULL,NULL,1,'2015-02-27 18:31:55',2,110),(5,'Substance abuse treatment facility or detox center',NULL,NULL,1,'2015-02-27 18:31:56',2,190),(6,'Hospital or other residential non-psychiatric medical facility',NULL,NULL,1,'2015-02-27 18:31:56',2,30),(7,'Jail, prison or juvenile detention facility',NULL,NULL,1,'2015-02-27 18:31:56',2,50),(8,'Client doesn\'t know ',NULL,NULL,1,'2015-02-27 20:32:33',2,220),(9,'Client refused',NULL,NULL,1,'2015-02-27 20:32:33',2,230),(10,'Rental by client, no ongoing housing subsidy',NULL,'Was code 22',1,'2015-02-27 20:25:13',2,120),(11,'Owned by client, no ongoing housing subsidy',NULL,'Was code 23',1,'2015-02-27 20:25:13',2,70),(12,'Staying or living in a family member\'s room, apartment or house',NULL,NULL,1,'2015-02-27 16:44:16',2,170),(13,'Staying or living in a friend\'s room, apartment or house',NULL,NULL,1,'2015-02-27 20:02:52',2,180),(14,'Hotel or motel paid for without emergency shelter voucher',NULL,NULL,1,'2015-02-27 20:03:08',2,40),(15,'Foster care home or foster care group home',NULL,NULL,1,'2015-02-27 20:03:35',2,20),(16,'Place not meant for habitation',NULL,NULL,1,'2015-02-27 20:05:07',2,100),(17,'Other',NULL,NULL,1,'2015-02-27 20:05:40',2,210),(18,'Safe Haven',NULL,NULL,1,'2015-02-27 20:37:05',2,60),(19,'Rental by client, with VASH subsidy',NULL,NULL,1,'2015-02-27 00:00:00',2,130),(20,'Rental by client, with other ongoing housing subsidy',NULL,NULL,1,'2015-02-27 20:37:05',2,150),(21,'Owned by client, with ongoing housing subsidy',NULL,NULL,1,'2015-02-27 00:00:00',2,80),(24,'Long-term care facility or nursing home',NULL,NULL,1,'2015-02-27 20:37:05',2,60),(25,'Rental by client, with GPD TIP subsidy',NULL,NULL,1,'2015-02-27 00:00:00',2,140),(26,'Residential project or halfway house with no homeless criteria',NULL,NULL,1,'2015-02-27 20:37:05',2,160),(99,'Data not collected',NULL,NULL,1,'2015-02-27 00:00:00',2,240);
UNLOCK TABLES;

LOCK TABLES `CODE_SOC_SEC_TYPE` WRITE;
INSERT INTO `CODE_SOC_SEC_TYPE` VALUES (1,'Full SSN','Full SSN',NULL,1,'2015-02-26 22:07:44',2),(2,'Approximate or partial SSN','Approximate or Partial SSN',NULL,1,'2015-02-26 22:07:44',2),(8,'Client doesn’t know','Client doesn\'t know',NULL,1,'2015-02-26 22:07:44',2),(9,'Client refused','Client refused',NULL,1,'2015-02-26 22:07:44',2),(99,'Data not collected','Data not collected',NULL,1,'2015-02-26 22:07:44',2);
UNLOCK TABLES;

LOCK TABLES `PROJECT` WRITE;
INSERT INTO `PROJECT` VALUES (1,'Transitional Housing',14264,NULL,NULL,NULL,2,11,4,1,'2004-01-01 00:00:00',2,'2015-02-26 22:08:45',2,'2004-01-01 00:00:00',NULL);
UNLOCK TABLES;

LOCK TABLES `PROJECT_PARTICIPATION` WRITE;
INSERT INTO `PROJECT_PARTICIPATION` VALUES (1,30486,1,'2010-01-29','2010-02-17',4,17,NULL,NULL,0,2,6,6,NULL,2,10,11,NULL,6,19,20,NULL,6,19,20,NULL,1,'2010-01-29 00:00:00',2,'2015-02-26 22:09:42',2),(2,30486,1,'2010-07-01',NULL,NULL,NULL,NULL,NULL,0,NULL,NULL,NULL,NULL,16,NULL,NULL,NULL,39,NULL,NULL,NULL,39,NULL,NULL,NULL,1,'2010-07-01 00:00:00',2,'2015-02-26 22:09:42',2),(3,33636,1,'2009-10-28',NULL,NULL,NULL,NULL,NULL,0,NULL,9,NULL,NULL,7,NULL,17,NULL,10,28,NULL,NULL,10,28,NULL,NULL,1,'2009-10-28 00:00:00',2,'2015-02-26 22:09:42',2),(4,39976,1,'2009-11-06',NULL,NULL,NULL,NULL,NULL,0,NULL,NULL,NULL,NULL,9,NULL,NULL,NULL,16,NULL,NULL,NULL,16,NULL,NULL,NULL,1,'2009-11-06 00:00:00',2,'2015-02-26 22:09:42',2),(5,61985,1,'2009-03-31','2010-01-02',10,9,NULL,NULL,0,10,NULL,NULL,1,3,NULL,1,NULL,29,NULL,2,NULL,29,NULL,2,NULL,1,'2009-03-31 00:00:00',2,'2015-02-26 22:09:42',2),(6,62008,1,'2009-03-31','2010-01-02',NULL,9,NULL,NULL,0,NULL,NULL,NULL,NULL,NULL,NULL,NULL,NULL,30,NULL,3,NULL,30,NULL,3,NULL,1,'2009-03-31 00:00:00',2,'2015-02-26 22:09:42',2),(7,62009,1,'2009-03-31','2010-01-02',NULL,15,NULL,NULL,0,NULL,NULL,NULL,NULL,NULL,NULL,NULL,NULL,31,NULL,4,NULL,31,NULL,4,NULL,1,'2009-03-31 00:00:00',2,'2015-02-26 22:09:42',2),(8,62011,1,'2009-03-31','2010-01-02',NULL,9,NULL,NULL,0,NULL,NULL,NULL,NULL,NULL,NULL,NULL,NULL,32,NULL,5,NULL,32,NULL,5,NULL,1,'2009-03-31 00:00:00',2,'2015-02-26 22:09:42',2),(9,64036,1,'2009-10-08',NULL,NULL,NULL,NULL,NULL,0,NULL,4,NULL,NULL,6,8,NULL,NULL,12,15,NULL,NULL,12,15,NULL,NULL,1,'2009-10-08 00:00:00',2,'2015-02-26 22:09:42',2),(10,64037,1,'2009-10-08',NULL,NULL,NULL,NULL,NULL,0,NULL,NULL,NULL,NULL,NULL,NULL,NULL,NULL,13,NULL,NULL,NULL,13,NULL,NULL,NULL,1,'2009-10-08 00:00:00',2,'2015-02-26 22:09:42',2),(11,69239,1,'2008-11-18',NULL,NULL,NULL,NULL,NULL,0,NULL,8,NULL,NULL,NULL,15,NULL,NULL,14,36,NULL,NULL,14,36,NULL,NULL,1,'2008-11-18 00:00:00',2,'2015-02-26 22:09:42',2),(12,70999,1,'2010-01-29','2010-02-17',NULL,17,NULL,NULL,0,NULL,NULL,NULL,NULL,NULL,NULL,NULL,NULL,7,NULL,21,NULL,7,NULL,21,NULL,1,'2010-01-29 00:00:00',2,'2015-02-26 22:09:42',2),(13,70999,1,'2010-10-01',NULL,NULL,NULL,NULL,NULL,0,NULL,NULL,NULL,NULL,NULL,NULL,NULL,NULL,9,NULL,NULL,NULL,9,NULL,NULL,NULL,1,'2010-10-01 00:00:00',2,'2015-02-26 22:09:42',2),(14,71000,1,'2010-01-29','2010-02-17',NULL,17,NULL,NULL,0,NULL,NULL,NULL,NULL,NULL,NULL,NULL,NULL,8,NULL,22,NULL,8,NULL,22,NULL,1,'2010-01-29 00:00:00',2,'2015-02-26 22:09:42',2),(15,75268,1,'2009-12-21',NULL,NULL,NULL,NULL,NULL,0,NULL,5,NULL,5,NULL,18,NULL,NULL,18,17,NULL,NULL,18,17,NULL,NULL,1,'2009-12-21 00:00:00',2,'2015-02-26 22:09:42',2),(16,77525,1,'2009-09-08','2011-01-01',NULL,NULL,NULL,NULL,0,NULL,NULL,NULL,NULL,NULL,5,NULL,NULL,43,42,NULL,NULL,43,42,NULL,NULL,1,'2009-09-08 00:00:00',2,'2015-02-26 22:09:42',2),(17,77526,1,'2009-09-08','2011-01-01',NULL,NULL,NULL,NULL,0,NULL,NULL,NULL,NULL,NULL,NULL,NULL,NULL,44,NULL,NULL,NULL,44,NULL,NULL,NULL,1,'2009-09-08 00:00:00',2,'2015-02-26 22:09:42',2),(18,84421,1,'2010-02-19','2010-03-04',2,20,NULL,NULL,0,NULL,7,11,NULL,12,13,14,NULL,23,26,33,NULL,23,26,33,NULL,1,'2010-02-19 00:00:00',2,'2015-02-26 22:09:42',2),(19,84422,1,'2010-02-19','2010-03-04',NULL,20,NULL,NULL,0,NULL,NULL,NULL,NULL,NULL,NULL,NULL,NULL,24,NULL,34,NULL,24,NULL,34,NULL,1,'2010-02-19 00:00:00',2,'2015-02-26 22:09:42',2),(20,84422,1,'2010-09-01',NULL,NULL,NULL,NULL,NULL,0,NULL,NULL,NULL,NULL,NULL,NULL,NULL,NULL,41,NULL,NULL,NULL,41,NULL,NULL,NULL,1,'2010-09-01 00:00:00',2,'2015-02-26 22:09:42',2),(21,84423,1,'2010-02-19','2010-03-04',NULL,20,NULL,NULL,0,NULL,NULL,NULL,NULL,NULL,NULL,NULL,NULL,25,NULL,35,NULL,25,NULL,35,NULL,1,'2010-02-19 00:00:00',2,'2015-02-26 22:09:42',2),(22,86711,1,'2010-01-13','2010-06-01',NULL,10,NULL,NULL,0,NULL,NULL,NULL,NULL,NULL,NULL,NULL,NULL,1,NULL,37,NULL,1,NULL,37,NULL,1,'2010-01-13 00:00:00',2,'2015-02-26 22:09:42',2),(23,86711,1,'2010-07-01',NULL,NULL,NULL,NULL,NULL,0,NULL,NULL,NULL,NULL,NULL,NULL,NULL,NULL,40,NULL,NULL,NULL,40,NULL,NULL,NULL,1,'2010-07-01 00:00:00',2,'2015-02-26 22:09:42',2),(24,86712,1,'2010-06-01','2010-10-31',1,12,NULL,NULL,0,12,NULL,3,NULL,19,NULL,20,NULL,38,NULL,11,NULL,38,NULL,11,NULL,1,'2010-06-01 00:00:00',2,'2015-02-26 22:09:42',2);
UNLOCK TABLES;

LOCK TABLES `USER_INFO` WRITE;
INSERT INTO `USER_INFO` VALUES (1,1,'Script.Entry','',NULL,'Script DB','Entry',0,0,'2015-02-09 00:00:00',2,'2015-02-26 22:12:41',2),(2,1,'Direct.Entry',NULL,NULL,'Direct DB','Entry',0,0,'0000-00-00 00:00:00',2,'2015-02-26 22:12:41',2),(10,14264,'len','12oclockhi','2020-01-01','Leonard','Roberts',1,1,'2015-01-28 00:00:00',2,'2015-02-26 22:10:17',2);
UNLOCK TABLES;

LOCK TABLES `CLIENT_RACE` WRITE;
INSERT INTO `CLIENT_RACE` VALUES (10,39976,5,1,NULL,2,'2015-02-26 22:03:46',2),(11,61985,99,1,NULL,2,'2015-02-26 22:03:46',2),(12,62008,3,1,NULL,2,'2015-02-26 22:03:46',2),(13,62009,3,1,NULL,2,'2015-02-26 22:03:46',2),(14,62011,3,1,NULL,2,'2015-02-26 22:03:46',2),(15,64036,3,1,NULL,2,'2015-02-26 22:03:46',2),(16,64037,3,1,NULL,2,'2015-02-26 22:03:46',2),(17,69239,3,1,NULL,2,'2015-02-26 22:03:46',2),(18,70999,3,1,NULL,2,'2015-02-26 22:03:46',2),(19,71000,3,1,NULL,2,'2015-02-26 22:03:46',2),(20,75268,3,1,NULL,2,'2015-02-26 22:03:46',2),(21,77525,3,1,NULL,2,'2015-02-26 22:03:46',2),(22,77526,3,1,NULL,2,'2015-02-26 22:03:46',2),(23,84421,5,1,NULL,2,'2015-02-26 22:03:46',2),(24,84422,5,1,NULL,2,'2015-02-26 22:03:46',2),(25,84423,5,1,NULL,2,'2015-02-26 22:03:46',2),(26,86711,99,1,NULL,2,'2015-02-26 22:03:46',2),(27,86712,1,1,NULL,2,'2015-02-26 22:03:46',2),(28,30486,3,1,NULL,2,'2015-02-26 22:03:46',2),(29,33636,5,1,NULL,2,'2015-02-26 22:03:46',2),(31,86712,4,1,NULL,2,'2015-02-26 22:03:46',2);
UNLOCK TABLES;